loop,start_time,end_time,EXG0_mean,EXG0_std,EXG0_var,EXG0_skew,EXG0_kurtosis,EXG0_hjorth_activity,EXG0_hjorth_mobility,EXG0_hjorth_complexity,EXG0_delta,EXG0_theta,EXG0_alpha,EXG0_beta,EXG0_gamma,EXG1_mean,EXG1_std,EXG1_var,EXG1_skew,EXG1_kurtosis,EXG1_hjorth_activity,EXG1_hjorth_mobility,EXG1_hjorth_complexity,EXG1_delta,EXG1_theta,EXG1_alpha,EXG1_beta,EXG1_gamma,prediksi
1,24.0,24.996,628854.4297819118,2348460.631991108,5515267340012.075,0.5311203470268361,-0.3555069866663962,5515267340012.075,0.183485886407193,2.0877956321152773,0,0,0,0,0,-628854.4297819119,2348460.631991108,5515267340012.075,-0.5311203470268361,-0.3555069866663958,5515267340012.075,0.183485886407193,2.0877956321152773,0,0,0,0,0,belakang
1,25.0,25.996,-502568.3489472543,1994003.1710209923,3976048646041.773,0.6278623895821587,0.5595873610307232,3976048646041.773,0.2004514549506424,1.9614272932718404,0,0,0,0,0,502568.3489472544,1994003.1710209923,3976048646041.773,-0.6278623895821588,0.5595873610307232,3976048646041.773,0.2004514549506424,1.96142729327184,0,0,0,0,0,kanan
1,26.0,26.996,-6675858.103174202,5958692.165519367,35506012323421.88,0.1329872885454451,-0.0682981575026571,35506012323421.88,0.1038925460685379,3.450290078460527,0,0,0,0,0,6675858.103174202,5958692.165519367,35506012323421.88,-0.1329872885454452,-0.0682981575026571,35506012323421.88,0.1038925460685379,3.450290078460527,0,0,0,0,0,kanan
1,27.0,27.996,8057212.561910473,3145964.4239526046,9897092156775.443,-0.6093403721946246,-0.5304197870313954,9897092156775.443,0.1683172837448321,2.2142574835301385,0,0,0,0,0,-8057212.561910473,3145964.4239526046,9897092156775.443,0.6093403721946248,-0.5304197870313963,9897092156775.443,0.1683172837448321,2.214257483530139,0,0,0,0,0,kanan
1,28.0,28.996,146778.73127434624,2350629.534783922,5525459209798.478,0.5543762950542623,-0.6953406987582555,5525459209798.478,0.1854587982973663,2.103442516259656,0,0,0,0,0,-146778.73127434636,2350629.534783922,5525459209798.478,-0.5543762950542622,-0.6953406987582551,5525459209798.478,0.1854587982973664,2.1034425162596557,0,0,0,0,0,kanan
1,29.0,29.996,-1392107.098189748,2130083.1849598647,4537254374848.762,0.7630510891246745,0.7707105259785592,4537254374848.762,0.2149917755145917,1.7712152647928416,0,0,0,0,0,1392107.098189748,2130083.1849598647,4537254374848.762,-0.7630510891246746,0.7707105259785592,4537254374848.762,0.2149917755145917,1.7712152647928416,0,0,0,0,0,kanan
1,30.0,30.996,-2780665.3854281018,3607723.6364682736,13015669837131.863,-0.2316663962655863,-0.9340046588679844,13015669837131.863,0.1389560810460119,2.747987304800604,0,0,0,0,0,2780665.385428102,3607723.6364682736,13015669837131.863,0.2316663962655864,-0.9340046588679836,13015669837131.863,0.1389560810460119,2.7479873048006027,0,0,0,0,0,kanan
1,31.0,96.992,-233578.2286825781,1462680.850915766,2139435271635.6692,0.0045378395302286,-0.6970813570866259,2139435271635.6692,0.3283228855341303,2.329541716542213,0,0,0,0,0,233578.22868257808,1462680.850915766,2139435271635.6692,-0.0045378395302286,-0.6970813570866254,2139435271635.6692,0.3283228855341303,2.329541716542212,0,0,0,0,0,kanan
2,96.996,97.992,-1165019.6425710607,2135666.6138688754,4561071885594.147,0.2211853153399966,-0.5043387563314732,4561071885594.147,0.2301133751201617,1.7331260337360874,0,0,0,0,0,1165019.642571061,2135666.6138688754,4561071885594.147,-0.2211853153399968,-0.5043387563314732,4561071885594.147,0.2301133751201617,1.7331260337360876,0,0,0,0,0,kanan
2,97.996,98.992,1670055.7388750922,2815035.6752421944,7924425852886.278,-0.2380551211334002,-0.4189329803642558,7924425852886.278,0.1640844523063011,2.0306764770422485,0,0,0,0,0,-1670055.7388750918,2815035.6752421944,7924425852886.278,0.2380551211334001,-0.4189329803642554,7924425852886.278,0.1640844523063012,2.0306764770422485,0,0,0,0,0,kanan
2,98.996,99.992,1083377.5596589586,4334783.1565901125,18790345014657.34,0.4499324096976531,-0.3192479083928798,18790345014657.34,0.1494360993639878,2.3219692059577977,0,0,0,0,0,-1083377.5596589583,4334783.156590113,18790345014657.344,-0.4499324096976528,-0.3192479083928807,18790345014657.344,0.1494360993639878,2.321969205957798,0,0,0,0,0,kanan
2,99.996,100.992,42234.52856658745,2751173.8373166625,7568957483135.69,0.1452472404590503,0.1314603707953225,7568957483135.69,0.1857194457078005,2.064899982362264,0,0,0,0,0,-42234.52856658733,2751173.837316663,7568957483135.691,-0.14524724045905,0.1314603707953221,7568957483135.691,0.1857194457078005,2.0648999823622645,0,0,0,0,0,kanan
2,100.996,101.992,-1049377.6830670163,1843061.9595412845,3396877386708.16,-0.2120906284583655,-0.0125373396880927,3396877386708.16,0.2821490197218416,1.4064769541091673,0,0,0,0,0,1049377.6830670163,1843061.9595412845,3396877386708.159,0.2120906284583652,-0.0125373396880927,3396877386708.159,0.2821490197218416,1.406476954109167,0,0,0,0,0,kanan
2,101.996,102.992,-1936397.53128405,4788537.020259975,22930086794400.28,0.5703049587267356,-0.2257296350036206,22930086794400.28,0.0898879448435302,3.978957005745304,0,0,0,0,0,1936397.5312840503,4788537.020259975,22930086794400.277,-0.5703049587267366,-0.2257296350036202,22930086794400.277,0.0898879448435301,3.978957005745304,0,0,0,0,0,kanan
2,102.996,168.988,-999711.1164626183,3053516.4570507165,9323962753479.56,0.8645079330651473,-0.415215288998032,9323962753479.56,0.1478546286648466,2.779663237570395,0,0,0,0,0,999711.1164626183,3053516.4570507165,9323962753479.56,-0.8645079330651472,-0.4152152889980325,9323962753479.56,0.1478546286648465,2.779663237570394,0,0,0,0,0,kanan
3,168.992,169.988,-1720877.4723418646,1604221.2677264367,2573525875825.816,0.139636048066243,0.344929825276596,2573525875825.816,0.2666829138151833,1.4657923040153005,0,0,0,0,0,1720877.4723418646,1604221.267726437,2573525875825.8164,-0.1396360480662432,0.3449298252765942,2573525875825.8164,0.2666829138151833,1.4657923040153005,0,0,0,0,0,kanan
3,169.992,170.988,-6279999.831536276,6956698.221641948,48395650146996.24,-0.1329886009951815,-1.201617465390722,48395650146996.24,0.0681594549891529,5.307941897121799,0,0,0,0,0,6279999.831536277,6956698.221641947,48395650146996.23,0.1329886009951811,-1.201617465390721,48395650146996.23,0.0681594549891529,5.307941897121797,0,0,0,0,0,kanan
3,170.992,171.988,5668937.205006089,6674243.298492549,44545523607472.7,-1.2922587907112455,0.6818244671699802,44545523607472.7,0.0695578691386746,5.29471199111294,0,0,0,0,0,-5668937.20500609,6674243.298492549,44545523607472.695,1.2922587907112455,0.6818244671699807,44545523607472.695,0.0695578691386746,5.294711991112938,0,0,0,0,0,kanan
3,171.992,172.988,3195277.337450304,3366202.178901492,11331317109241.154,0.077355165981607,-0.0650442715351111,11331317109241.154,0.1280816185000044,2.500539476538787,0,0,0,0,0,-3195277.337450305,3366202.178901492,11331317109241.154,-0.0773551659816067,-0.0650442715351107,11331317109241.154,0.1280816185000044,2.500539476538788,0,0,0,0,0,kanan
3,172.992,173.988,-1825764.086186013,2315756.793619932,5362729527196.869,0.3193473270131824,-0.0093556645090369,5362729527196.869,0.1790786858620758,2.180355099081023,0,0,0,0,0,1825764.0861860127,2315756.793619932,5362729527196.867,-0.319347327013181,-0.0093556645090386,5362729527196.867,0.1790786858620758,2.1803550990810243,0,0,0,0,0,kanan
3,173.992,174.988,2808585.741031918,2856618.4742821385,8160269107610.013,-0.0169222710575136,-1.244630328649038,8160269107610.013,0.1699038247153582,2.0947696081460943,0,0,0,0,0,-2808585.7410319187,2856618.4742821385,8160269107610.012,0.0169222710575138,-1.2446303286490383,8160269107610.012,0.1699038247153582,2.094769608146093,0,0,0,0,0,kanan
3,174.992,240.984,-619981.3945478464,1833185.8888377585,3360570503033.8813,0.454915275945454,0.9128683890147172,3360570503033.8813,0.4203655960711547,2.8638778445640503,0,0,0,0,0,619981.3945478464,1833185.888837758,3360570503033.881,-0.4549152759454539,0.9128683890147182,3360570503033.881,0.4203655960711547,2.863877844564051,0,0,0,0,0,kanan
4,240.988,241.984,2983985.565298693,2765185.687024741,7646251883726.492,0.3098826239337013,-0.5564898508231697,7646251883726.492,0.1609755464153656,2.210017774902215,0,0,0,0,0,-2983985.565298693,2765185.687024741,7646251883726.492,-0.3098826239337017,-0.5564898508231697,7646251883726.492,0.1609755464153656,2.2100177749022136,0,0,0,0,0,belakang
4,241.988,242.984,-4382976.324450875,4789402.566464863,22938376943660.22,0.9779892325903572,0.7677444834439013,22938376943660.22,0.1163468017514326,2.774124569376411,0,0,0,0,0,4382976.324450875,4789402.566464863,22938376943660.22,-0.9779892325903567,0.7677444834439009,22938376943660.22,0.1163468017514327,2.77412456937641,0,0,0,0,0,kanan
4,242.988,243.984,2711377.3459789027,3725808.676836139,13881650296387.46,-0.2275525177212686,-0.1559029480233844,13881650296387.46,0.176143899318111,1.946732544581979,0,0,0,0,0,-2711377.345978902,3725808.676836138,13881650296387.455,0.227552517721269,-0.1559029480233822,13881650296387.455,0.176143899318111,1.9467325445819792,0,0,0,0,0,kanan
4,243.988,244.984,-244575.48734514863,2172212.780131693,4718508362167.458,-0.0640010776656968,-0.7418054471286122,4718508362167.458,0.2029197476854737,1.7977328480024422,0,0,0,0,0,244575.48734514852,2172212.780131693,4718508362167.458,0.0640010776656971,-0.7418054471286122,4718508362167.458,0.2029197476854738,1.7977328480024417,0,0,0,0,0,kanan
4,244.988,245.984,-481800.79238037794,3231127.642011028,10440185838967.742,0.465157108158479,-0.3548383342607133,10440185838967.742,0.163714391654536,2.160694878191911,0,0,0,0,0,481800.792380378,3231127.642011028,10440185838967.744,-0.4651571081584789,-0.3548383342607137,10440185838967.744,0.163714391654536,2.160694878191912,0,0,0,0,0,kanan
4,245.988,246.984,44550.53159321442,2099182.085375176,4406565427560.07,0.0440894913050798,-0.3864051729547997,4406565427560.07,0.2344602625459732,1.4592257984517352,0,0,0,0,0,-44550.53159321441,2099182.085375176,4406565427560.07,-0.0440894913050797,-0.3864051729548001,4406565427560.07,0.2344602625459732,1.4592257984517352,0,0,0,0,0,kanan
4,246.988,312.98,1713401.39350891,2403736.137180115,5777947417185.58,0.1025229103735991,0.958174280147812,5777947417185.58,0.1780023912806851,2.700442747482765,0,0,0,0,0,-1713401.39350891,2403736.137180115,5777947417185.58,-0.1025229103735991,0.958174280147812,5777947417185.58,0.1780023912806851,2.700442747482765,0,0,0,0,0,kanan
5,312.984,313.98,-1468043.525473423,1981535.6684893216,3926483605495.423,-0.1597491220249758,-0.5226298855309084,3926483605495.423,0.2802477437400489,1.5525744263360028,0,0,0,0,0,1468043.525473423,1981535.6684893216,3926483605495.4224,0.1597491220249758,-0.5226298855309075,3926483605495.4224,0.2802477437400489,1.5525744263360026,0,0,0,0,0,kanan
5,313.984,314.98,-159438.9885002499,1710770.4188342006,2926735425958.1465,0.0559019192296576,-0.9543482403185783,2926735425958.1465,0.2483931953099167,1.5119420597394186,0,0,0,0,0,159438.98850024998,1710770.4188342008,2926735425958.147,-0.0559019192296576,-0.9543482403185792,2926735425958.147,0.2483931953099166,1.5119420597394193,0,0,0,0,0,kanan
5,314.984,315.98,-221116.07400449645,2689556.6382959806,7233714910601.978,0.5249329213614721,0.7686324989613751,7233714910601.978,0.227267463146358,1.601211359820847,0,0,0,0,0,221116.07400449624,2689556.6382959806,7233714910601.977,-0.5249329213614717,0.7686324989613755,7233714910601.977,0.2272674631463581,1.6012113598208466,0,0,0,0,0,kanan
5,315.984,316.98,-1849017.5510854933,2355418.9809757136,5547998575940.668,-0.3573959084404619,-0.4059970905138841,5547998575940.668,0.2327754229101508,1.6557525578380816,0,0,0,0,0,1849017.5510854933,2355418.9809757136,5547998575940.669,0.3573959084404616,-0.405997090513885,5547998575940.669,0.2327754229101508,1.6557525578380814,0,0,0,0,0,kanan
5,316.984,317.98,1853465.567770927,2247146.832400662,5049668886368.328,0.0805725499021906,-0.5209275517465217,5049668886368.328,0.22234828015283,1.7369486516219717,0,0,0,0,0,-1853465.567770927,2247146.832400662,5049668886368.328,-0.0805725499021907,-0.5209275517465222,5049668886368.328,0.22234828015283,1.7369486516219717,0,0,0,0,0,kanan
5,317.984,318.98,657361.5978736103,1620202.7499435807,2625056950924.741,-0.411818942939523,0.6446249674565268,2625056950924.741,0.244952048873159,1.6102722831616108,0,0,0,0,0,-657361.5978736102,1620202.7499435805,2625056950924.74,0.4118189429395228,0.6446249674565299,2625056950924.74,0.2449520488731591,1.61027228316161,0,0,0,0,0,kanan
5,318.984,24.976,-183168127.3946741,1457188479.628584,2.1233982651622643e+18,-0.0441746441798196,-0.4603172491379155,2.1233982651622643e+18,0.3529255579111994,1.3436571975540954,0,0,0,0,0,183168127.3946741,1457188479.628584,2.1233982651622643e+18,0.0441746441798196,-0.4603172491379155,2.1233982651622643e+18,0.3529255579111993,1.343657197554096,0,0,0,0,0,kanan
1,24.98,25.976,47335314.68185265,1820184954.137041,3.313073267266862e+18,0.695771756650191,0.4001869899434251,3.313073267266862e+18,0.383448818976482,1.2172721956156718,0,0,0,0,0,-47335314.68185267,1820184954.137041,3.3130732672668626e+18,-0.695771756650191,0.4001869899434247,3.3130732672668626e+18,0.383448818976482,1.2172721956156718,0,0,0,0,0,kanan
1,25.98,26.976,37793694.03992534,1666804235.2333298,2.778236358591765e+18,0.313346693164131,-0.2993830464505493,2.778236358591765e+18,0.2698591773648099,1.5317888543933584,0,0,0,0,0,-37793694.03992532,1666804235.2333298,2.778236358591765e+18,-0.3133466931641313,-0.2993830464505493,2.778236358591765e+18,0.2698591773648099,1.5317888543933584,0,0,0,0,0,kanan
1,26.98,27.976,15107190.568884484,1330973163.0753984,1.7714895608269312e+18,0.3870882035935585,-0.3173694236325648,1.7714895608269312e+18,0.3558744280812884,1.208055825118435,0,0,0,0,0,-15107190.568884484,1330973163.0753984,1.7714895608269312e+18,-0.3870882035935585,-0.3173694236325652,1.7714895608269312e+18,0.3558744280812884,1.2080558251184348,0,0,0,0,0,kanan
1,27.98,28.976,-73173245.53930923,1532457328.187688,2.348425462716148e+18,0.2971033791967736,-0.5617989262411336,2.348425462716148e+18,0.319688150125529,1.3441320798430885,0,0,0,0,0,73173245.53930922,1532457328.187688,2.348425462716148e+18,-0.2971033791967736,-0.561798926241134,2.348425462716148e+18,0.319688150125529,1.3441320798430885,0,0,0,0,0,kanan
1,28.98,29.976,26123826.116870727,1624736626.1877065,2.639769104475811e+18,0.7957003645811117,0.4692700310286124,2.639769104475811e+18,0.2818541427920352,1.4347819507425656,0,0,0,0,0,-26123826.11687073,1624736626.1877065,2.639769104475812e+18,-0.7957003645811115,0.4692700310286106,2.639769104475812e+18,0.2818541427920351,1.434781950742566,0,0,0,0,0,kanan
1,29.98,30.976,-32924717.1770022,1275026365.9385722,1.6256922338385216e+18,0.553794111176601,0.1100627615646629,1.6256922338385216e+18,0.3357491415907228,1.2774944454381032,0,0,0,0,0,32924717.1770022,1275026365.9385722,1.625692233838522e+18,-0.553794111176601,0.1100627615646621,1.625692233838522e+18,0.3357491415907228,1.2774944454381032,0,0,0,0,0,kanan
1,30.98,96.972,109147603.62462787,1670751053.2823555,2.7914090820441006e+18,0.5547057155456726,-0.3881458309652923,2.7914090820441006e+18,0.3222502714991329,1.7157361157895905,0,0,0,0,0,-109147603.62462787,1670751053.2823555,2.7914090820441e+18,-0.5547057155456727,-0.388145830965291,2.7914090820441e+18,0.3222502714991329,1.7157361157895905,0,0,0,0,0,kanan
2,96.976,97.972,-112643491.38811384,1777607653.518829,3.1598889698487173e+18,0.8205067823876817,0.9404070756824124,3.1598889698487173e+18,0.2986333329245936,1.4079945207557991,0,0,0,0,0,112643491.3881138,1777607653.518829,3.1598889698487173e+18,-0.8205067823876817,0.9404070756824124,3.1598889698487173e+18,0.2986333329245936,1.4079945207557991,0,0,0,0,0,kanan
2,97.976,98.972,130356640.52046372,1883246032.7845843,3.546615619998875e+18,0.4815151671913108,-0.0039627251431326,3.546615619998875e+18,0.3192592916291749,1.339767387493097,0,0,0,0,0,-130356640.52046372,1883246032.7845843,3.546615619998875e+18,-0.4815151671913107,-0.0039627251431331,3.546615619998875e+18,0.319259291629175,1.339767387493097,0,0,0,0,0,kanan
2,98.976,99.972,-30057650.10614536,1714728333.8242507,2.940293258819691e+18,0.8267397267212991,1.1842212472707851,2.940293258819691e+18,0.3142225107942348,1.3261558107513534,0,0,0,0,0,30057650.106145386,1714728333.824251,2.9402932588196915e+18,-0.8267397267212991,1.1842212472707851,2.9402932588196915e+18,0.3142225107942348,1.3261558107513531,0,0,0,0,0,kanan
2,99.976,100.972,56488636.560965456,1603411619.589801,2.570928821835589e+18,0.3440099651002584,-0.4309716627750188,2.570928821835589e+18,0.3378472975246432,1.191371427386101,0,0,0,0,0,-56488636.560965486,1603411619.589801,2.570928821835589e+18,-0.3440099651002584,-0.4309716627750188,2.570928821835589e+18,0.3378472975246432,1.1913714273861007,0,0,0,0,0,kanan
2,100.976,101.972,-143723783.35865664,1695360998.4422665,2.874248915039159e+18,0.8683678973451908,1.3299397889820277,2.874248915039159e+18,0.3107591080058218,1.34820019110892,0,0,0,0,0,143723783.35865662,1695360998.4422667,2.87424891503916e+18,-0.8683678973451902,1.329939788982025,2.87424891503916e+18,0.3107591080058217,1.34820019110892,0,0,0,0,0,kanan
2,101.976,102.972,155277058.59213784,1563124393.3399522,2.443357869054394e+18,0.2205692779552882,-0.3853247918507634,2.443357869054394e+18,0.3487706861977209,1.248567059483713,0,0,0,0,0,-155277058.59213787,1563124393.3399522,2.443357869054394e+18,-0.2205692779552881,-0.3853247918507634,2.443357869054394e+18,0.3487706861977209,1.248567059483713,0,0,0,0,0,kanan
2,102.976,168.968,-214675941.79870975,1744280239.1579025,3.0425135527167493e+18,-0.2099499240711249,0.3797636750619508,3.0425135527167493e+18,0.2942729282501808,2.234229347826368,0,0,0,0,0,214675941.7987097,1744280239.1579025,3.0425135527167493e+18,0.2099499240711249,0.3797636750619508,3.0425135527167493e+18,0.2942729282501808,2.234229347826368,0,0,0,0,0,kanan
3,168.972,169.968,-101687221.60451758,1646557671.776843,2.711152166487178e+18,1.211649628465722,2.544389694027763,2.711152166487178e+18,0.2971302514730179,1.4232822066430224,0,0,0,0,0,101687221.60451756,1646557671.776843,2.711152166487178e+18,-1.211649628465722,2.544389694027763,2.711152166487178e+18,0.2971302514730179,1.4232822066430224,0,0,0,0,0,kanan
3,169.972,170.968,145195949.52155977,1694897760.230137,2.872678417633136e+18,-0.0262992160296276,-0.2262752157019458,2.872678417633136e+18,0.4038556872933996,1.1643336256301873,0,0,0,0,0,-145195949.52155977,1694897760.230137,2.872678417633135e+18,0.0262992160296277,-0.2262752157019441,2.872678417633135e+18,0.4038556872933997,1.1643336256301868,0,0,0,0,0,kanan
3,170.972,171.968,111031795.61576045,1647314527.661671,2.7136451530451937e+18,0.444797645533307,-0.3884520198541223,2.7136451530451937e+18,0.3357100764882222,1.267312048799516,0,0,0,0,0,-111031795.61576048,1647314527.661671,2.713645153045194e+18,-0.4447976455333067,-0.3884520198541232,2.713645153045194e+18,0.3357100764882222,1.2673120487995162,0,0,0,0,0,kanan
3,171.972,172.968,-198065144.60417035,1295742676.962844,1.6789490849028367e+18,0.2582545836233405,-0.3143366112897667,1.6789490849028367e+18,0.3163176877685328,1.2875735413439673,0,0,0,0,0,198065144.60417035,1295742676.962844,1.6789490849028367e+18,-0.2582545836233405,-0.3143366112897663,1.6789490849028367e+18,0.3163176877685328,1.2875735413439673,0,0,0,0,0,kanan
3,172.972,173.968,94867141.84782568,1583956741.4235308,2.5089189587010504e+18,1.0524362083130363,0.855718529050332,2.5089189587010504e+18,0.3070107371688353,1.3271538522934023,0,0,0,0,0,-94867141.84782568,1583956741.4235308,2.50891895870105e+18,-1.0524362083130363,0.8557185290503337,2.50891895870105e+18,0.3070107371688353,1.3271538522934023,0,0,0,0,0,kanan
3,173.972,174.968,-107987146.40346313,1610471085.0680416,2.593617115840235e+18,0.3792062242495,-0.4192048914805153,2.593617115840235e+18,0.3321408819696066,1.2934035507388335,0,0,0,0,0,107987146.40346313,1610471085.0680416,2.593617115840235e+18,-0.3792062242495,-0.4192048914805153,2.593617115840235e+18,0.3321408819696066,1.2934035507388335,0,0,0,0,0,kanan
3,174.972,240.964,187810499.77645805,1601682477.4295068,2.5653867585047224e+18,0.5271270247998181,-0.128679337329014,2.5653867585047224e+18,0.3578178039716367,2.251971599418795,0,0,0,0,0,-187810499.77645805,1601682477.4295068,2.5653867585047224e+18,-0.5271270247998182,-0.1286793373290127,2.5653867585047224e+18,0.3578178039716367,2.251971599418795,0,0,0,0,0,kanan
4,240.968,241.964,-92995496.8043599,1346227977.8419068,1.8123297683243087e+18,0.3989496519027472,-0.4247771169191963,1.8123297683243087e+18,0.3994262485012316,1.2033212759852527,0,0,0,0,0,92995496.80435984,1346227977.8419068,1.8123297683243087e+18,-0.3989496519027472,-0.4247771169191963,1.8123297683243087e+18,0.3994262485012316,1.2033212759852527,0,0,0,0,0,belakang
4,241.968,242.964,150620431.44625518,1431836856.0820963,2.0501567824350615e+18,0.7482967033628323,0.4365305702000248,2.0501567824350615e+18,0.3210134348184452,1.3805211045044703,0,0,0,0,0,-150620431.44625515,1431836856.0820963,2.0501567824350615e+18,-0.7482967033628322,0.4365305702000248,2.0501567824350615e+18,0.3210134348184451,1.380521104504471,0,0,0,0,0,kanan
4,242.968,243.964,-99404038.17848328,1162733462.1427913,1.3519491039865618e+18,0.6913237609564867,0.0617167522149233,1.3519491039865618e+18,0.3427148323486677,1.3040322840942924,0,0,0,0,0,99404038.17848328,1162733462.1427913,1.3519491039865618e+18,-0.6913237609564865,0.0617167522149224,1.3519491039865618e+18,0.3427148323486677,1.3040322840942924,0,0,0,0,0,kanan
4,243.968,244.964,113478322.497579,1560824182.2352772,2.436172127850422e+18,0.4741581503570046,-0.4540131834810106,2.436172127850422e+18,0.2876054630906379,1.3901176836205449,0,0,0,0,0,-113478322.497579,1560824182.2352772,2.436172127850422e+18,-0.4741581503570047,-0.454013183481011,2.436172127850422e+18,0.2876054630906379,1.3901176836205449,0,0,0,0,0,kanan
4,244.968,245.964,-173491990.10681775,1425991776.083232,2.0334525454570104e+18,0.934321536924976,1.07216384259205,2.0334525454570104e+18,0.3130804836253953,1.2891923387691184,0,0,0,0,0,173491990.10681775,1425991776.083232,2.0334525454570104e+18,-0.934321536924976,1.0721638425920492,2.0334525454570104e+18,0.3130804836253953,1.2891923387691184,0,0,0,0,0,kanan
4,245.968,246.964,-4834196.521167732,1731355046.144336,2.997590295809456e+18,0.6245706231473936,0.2093951507535454,2.997590295809456e+18,0.3080839392555222,1.3930597303847647,0,0,0,0,0,4834196.521167748,1731355046.1443362,2.9975902958094566e+18,-0.6245706231473935,0.2093951507535445,2.9975902958094566e+18,0.3080839392555222,1.3930597303847647,0,0,0,0,0,kanan
4,246.968,312.96,802831.2825834656,1490219019.717382,2.220752726727435e+18,0.8578053554369541,1.0751275873557056,2.220752726727435e+18,0.3024414096535563,1.73397895845806,0,0,0,0,0,-802831.2825834503,1490219019.717382,2.220752726727435e+18,-0.8578053554369541,1.0751275873557056,2.220752726727435e+18,0.3024414096535563,1.73397895845806,0,0,0,0,0,kanan
5,312.964,313.96,121475336.9561655,1464766741.2908323,2.145541606391765e+18,0.6436351224849389,-0.3415857202762016,2.145541606391765e+18,0.3346607759118767,1.3227489011497455,0,0,0,0,0,-121475336.9561655,1464766741.2908323,2.145541606391765e+18,-0.643635122484939,-0.341585720276202,2.145541606391765e+18,0.3346607759118767,1.322748901149745,0,0,0,0,0,kanan
5,313.964,314.96,-35208182.74427037,1063786035.9594612,1.1316407303023438e+18,0.731769252858448,1.0361770875837149,1.1316407303023438e+18,0.3287389808862399,1.2337098329464171,0,0,0,0,0,35208182.744270355,1063786035.959461,1.1316407303023436e+18,-0.7317692528584481,1.0361770875837155,1.1316407303023436e+18,0.3287389808862399,1.2337098329464176,0,0,0,0,0,kanan
5,314.964,315.96,-48421925.61229062,1136767413.7267992,1.2922401529111158e+18,-0.0040597107748733,0.0586600199896523,1.2922401529111158e+18,0.3474875285820213,1.2167503675133278,0,0,0,0,0,48421925.612290606,1136767413.7267992,1.2922401529111158e+18,0.0040597107748734,0.0586600199896523,1.2922401529111158e+18,0.3474875285820213,1.2167503675133278,0,0,0,0,0,kanan
5,315.964,316.96,-27507739.024254195,1195578498.8417573,1.42940794689271e+18,0.4303797172864557,-0.5445178058642477,1.42940794689271e+18,0.3123567838729097,1.281569942294993,0,0,0,0,0,27507739.024254218,1195578498.8417573,1.4294079468927096e+18,-0.4303797172864562,-0.5445178058642464,1.4294079468927096e+18,0.3123567838729097,1.281569942294993,0,0,0,0,0,kanan
5,316.964,317.96,12489556.231953584,1459824167.1094584,2.1310865988768243e+18,0.7273934175602141,0.165685987702052,2.1310865988768243e+18,0.2848422376312682,1.4747663952325654,0,0,0,0,0,-12489556.2319536,1459824167.1094584,2.1310865988768243e+18,-0.7273934175602143,0.165685987702052,2.1310865988768243e+18,0.2848422376312682,1.4747663952325654,0,0,0,0,0,kanan
5,317.964,318.96,-66975156.88082082,1290912104.204606,1.6664540607819635e+18,0.5217065505619913,-0.4186616379593992,1.6664540607819635e+18,0.3499287868064443,1.1979387148717269,0,0,0,0,0,66975156.8808208,1290912104.204606,1.6664540607819635e+18,-0.5217065505619914,-0.4186616379593992,1.6664540607819635e+18,0.3499287868064443,1.1979387148717269,0,0,0,0,0,kanan
5,318.964,24.956,-11531450.395190582,2205130917.7658763,4.862602364486977e+18,0.5572849435242114,0.641959837057803,4.862602364486977e+18,0.3497130355070681,1.5200595537030548,0,0,0,0,0,11531450.395190611,2205130917.7658763,4.862602364486977e+18,-0.5572849435242117,0.641959837057803,4.862602364486977e+18,0.3497130355070681,1.5200595537030546,0,0,0,0,0,kanan
1,24.96,25.956,-68839454.45035423,1660014599.9763238,2.755648472134554e+18,0.5731909285365172,0.2842523965550736,2.755648472134554e+18,0.3573377796336703,1.235388351943835,0,0,0,0,0,68839454.45035422,1660014599.9763238,2.7556484721345546e+18,-0.5731909285365171,0.2842523965550727,2.7556484721345546e+18,0.3573377796336702,1.2353883519438351,0,0,0,0,0,kanan
1,25.96,26.956,44678522.81829645,1825490533.0585444,3.332415686286369e+18,0.3968233441371407,-0.2571170601960313,3.332415686286369e+18,0.3270414209692034,1.375010130818145,0,0,0,0,0,-44678522.81829648,1825490533.0585444,3.332415686286369e+18,-0.3968233441371406,-0.2571170601960313,3.332415686286369e+18,0.3270414209692034,1.375010130818145,0,0,0,0,0,kanan
1,26.96,27.956,102138664.0428326,1407082551.3474014,1.9798813063063127e+18,0.0888902831619013,-0.7394350259672993,1.9798813063063127e+18,0.3224527732673687,1.3210487469147647,0,0,0,0,0,-102138664.0428327,1407082551.3474014,1.9798813063063127e+18,-0.088890283161901,-0.7394350259672993,1.9798813063063127e+18,0.3224527732673687,1.3210487469147647,0,0,0,0,0,kanan
1,27.96,28.956,-95276145.04178214,2127933503.2689831,4.528100994334608e+18,1.2971759769960067,2.099162700748165,4.528100994334608e+18,0.2902509360411084,1.3680345153382802,0,0,0,0,0,95276145.04178214,2127933503.268983,4.528100994334607e+18,-1.2971759769960074,2.099162700748169,4.528100994334607e+18,0.2902509360411084,1.3680345153382805,0,0,0,0,0,kanan
1,28.96,29.956,77679749.06164527,2171627567.745872,4.715966292993851e+18,0.3107899952073311,-0.5112618867106953,4.715966292993851e+18,0.3018861313188115,1.377486923588125,0,0,0,0,0,-77679749.06164521,2171627567.745872,4.715966292993851e+18,-0.3107899952073313,-0.5112618867106948,4.715966292993851e+18,0.3018861313188115,1.3774869235881249,0,0,0,0,0,kanan
1,29.96,30.956,-112927076.4361944,1894832576.5128608,3.5903904930143667e+18,0.5714567045974369,0.086189921978856,3.5903904930143667e+18,0.3006904003380996,1.3826523504215602,0,0,0,0,0,112927076.43619432,1894832576.5128608,3.5903904930143667e+18,-0.5714567045974369,0.0861899219788555,3.5903904930143667e+18,0.3006904003380996,1.3826523504215602,0,0,0,0,0,kanan
1,30.96,96.952,55761762.55484479,2053559780.8429132,4.217107773495594e+18,0.7559524190652692,1.022896115267839,4.217107773495594e+18,0.3342876973222061,1.2721241007065105,0,0,0,0,0,-55761762.5548448,2053559780.8429132,4.217107773495594e+18,-0.7559524190652692,1.022896115267839,4.217107773495594e+18,0.3342876973222061,1.2721241007065105,0,0,0,0,0,kanan
2,96.956,97.952,-205198546.14371815,1742123687.8729975,3.034994943848213e+18,0.1541681079591411,-0.3313713657780597,3.034994943848213e+18,0.333730378400454,1.254862380788675,0,0,0,0,0,205198546.1437182,1742123687.8729975,3.034994943848213e+18,-0.1541681079591411,-0.3313713657780601,3.034994943848213e+18,0.3337303784004539,1.2548623807886754,0,0,0,0,0,kanan
2,97.956,98.952,125571483.98032735,2063817118.3629491,4.259341098047948e+18,0.1963068902023447,-0.1679872023627395,4.259341098047948e+18,0.3234168422106837,1.297707515362074,0,0,0,0,0,-125571483.9803274,2063817118.3629491,4.259341098047948e+18,-0.1963068902023445,-0.1679872023627395,4.259341098047948e+18,0.3234168422106837,1.297707515362074,0,0,0,0,0,kanan
2,98.956,99.952,196327504.9624974,1568364648.2738764,2.45976766995524e+18,0.0052660095098067,-0.3357211045453252,2.45976766995524e+18,0.3526923314878013,1.181320782875925,0,0,0,0,0,-196327504.9624974,1568364648.2738764,2.45976766995524e+18,-0.0052660095098068,-0.3357211045453252,2.45976766995524e+18,0.3526923314878013,1.181320782875925,0,0,0,0,0,kanan
2,99.956,100.952,-140148852.347735,2006598516.5590189,4.026437606656855e+18,0.0777135388255002,0.768637160754087,4.026437606656855e+18,0.3146174849327844,1.352445746921608,0,0,0,0,0,140148852.347735,2006598516.5590189,4.026437606656855e+18,-0.0777135388255004,0.768637160754087,4.026437606656855e+18,0.3146174849327844,1.3524457469216082,0,0,0,0,0,kanan
2,100.956,101.952,74408785.60825881,1807536398.178912,3.2671878307415936e+18,0.2799751898998074,-0.3564205402945308,3.2671878307415936e+18,0.3405872901119533,1.2258507613950431,0,0,0,0,0,-74408785.60825881,1807536398.178912,3.2671878307415936e+18,-0.2799751898998076,-0.3564205402945308,3.2671878307415936e+18,0.3405872901119533,1.2258507613950431,0,0,0,0,0,kanan
2,101.956,102.952,-180143504.0329862,1992750872.552208,3.9710560400575857e+18,0.5216203713770017,0.9590606160625764,3.9710560400575857e+18,0.299100483009921,1.3161734950559394,0,0,0,0,0,180143504.0329862,1992750872.552208,3.9710560400575857e+18,-0.5216203713770017,0.9590606160625752,3.9710560400575857e+18,0.299100483009921,1.3161734950559394,0,0,0,0,0,kanan
2,102.956,168.948,149889982.82668176,2049538001.353135,4.2006060189906033e+18,0.2555023408454095,-0.3201392721948579,4.2006060189906033e+18,0.3882769188590498,1.8134520853008176,0,0,0,0,0,-149889982.82668176,2049538001.353135,4.2006060189906033e+18,-0.2555023408454095,-0.3201392721948575,4.2006060189906033e+18,0.3882769188590498,1.8134520853008176,0,0,0,0,0,kanan
3,168.952,169.948,-348650197.041252,1617336495.9035385,2.6157773409815363e+18,0.3833591182002656,0.1692097976567907,2.6157773409815363e+18,0.3691254121408872,1.2522860262619426,0,0,0,0,0,348650197.041252,1617336495.9035385,2.6157773409815363e+18,-0.3833591182002654,0.1692097976567907,2.6157773409815363e+18,0.3691254121408873,1.2522860262619422,0,0,0,0,0,kanan
3,169.952,170.948,353891990.04704326,2370827246.9086742,5.620821834684564e+18,0.1540883342927679,-0.4905587391393098,5.620821834684564e+18,0.3306163340709783,1.311260862844612,0,0,0,0,0,-353891990.0470433,2370827246.9086742,5.620821834684564e+18,-0.1540883342927679,-0.4905587391393098,5.620821834684564e+18,0.3306163340709783,1.311260862844612,0,0,0,0,0,kanan
3,170.952,171.948,-219137282.5865712,1881650093.5773,3.54060707465946e+18,0.4809472035542759,0.0876306276713649,3.54060707465946e+18,0.3021810512376507,1.3687422352567062,0,0,0,0,0,219137282.5865712,1881650093.5773,3.54060707465946e+18,-0.4809472035542758,0.0876306276713649,3.54060707465946e+18,0.3021810512376507,1.3687422352567062,0,0,0,0,0,kanan
3,171.952,172.948,22703565.11540611,1901027738.7972565,3.6139064636766095e+18,0.335482109314193,-0.6904038911694217,3.6139064636766095e+18,0.289879292685797,1.4285148629429765,0,0,0,0,0,-22703565.11540613,1901027738.7972567,3.6139064636766106e+18,-0.335482109314193,-0.6904038911694221,3.6139064636766106e+18,0.289879292685797,1.4285148629429765,0,0,0,0,0,kanan
3,172.952,173.948,-99352932.44579227,2382068694.193992,5.674251263859071e+18,0.7782316722693515,0.5929566447374914,5.674251263859071e+18,0.2598589749559135,1.4283450238134043,0,0,0,0,0,99352932.44579236,2382068694.193992,5.674251263859071e+18,-0.7782316722693517,0.5929566447374901,5.674251263859071e+18,0.2598589749559135,1.4283450238134043,0,0,0,0,0,kanan
3,173.952,174.948,254034817.98907545,1774136540.4238498,3.147560464067107e+18,0.2230789849424904,-0.5878322501712216,3.147560464067107e+18,0.3103557231220035,1.384676023895443,0,0,0,0,0,-254034817.98907545,1774136540.42385,3.147560464067108e+18,-0.2230789849424905,-0.5878322501712216,3.147560464067108e+18,0.3103557231220036,1.3846760238954428,0,0,0,0,0,kanan
3,174.952,240.944,-267915680.72473785,1944440299.6175132,3.780848078776645e+18,0.7186076952531575,0.2145717354339185,3.780848078776645e+18,0.3525070845717431,1.7029943102927627,0,0,0,0,0,267915680.72473785,1944440299.6175132,3.780848078776645e+18,-0.7186076952531575,0.2145717354339185,3.780848078776645e+18,0.3525070845717431,1.7029943102927627,0,0,0,0,0,kanan
4,240.948,241.944,58523553.37102806,1781632685.1682675,3.174215024859891e+18,0.2051210123059138,-0.7353248115799218,3.174215024859891e+18,0.2857439356862581,1.2988406386267204,0,0,0,0,0,-58523553.37102803,1781632685.1682675,3.174215024859891e+18,-0.2051210123059138,-0.7353248115799222,3.174215024859891e+18,0.2857439356862581,1.2988406386267204,0,0,0,0,0,belakang
4,241.948,242.944,60680032.06405756,1801328872.7454717,3.2447857077864714e+18,0.4459290338100834,-0.5121962069134329,3.2447857077864714e+18,0.2967949794640824,1.282375746239225,0,0,0,0,0,-60680032.06405758,1801328872.7454717,3.2447857077864714e+18,-0.4459290338100834,-0.5121962069134329,3.2447857077864714e+18,0.2967949794640824,1.282375746239225,0,0,0,0,0,kanan
4,242.948,243.944,-71792732.45069692,2179844943.752281,4.751723978802387e+18,0.1828283202982836,-0.2800134693912248,4.751723978802387e+18,0.3149867575415672,1.2784818950866124,0,0,0,0,0,71792732.45069693,2179844943.752281,4.751723978802387e+18,-0.1828283202982836,-0.2800134693912248,4.751723978802387e+18,0.3149867575415672,1.2784818950866124,0,0,0,0,0,kanan
4,243.948,244.944,-39173672.63324313,1670462759.4929805,2.7904458308529034e+18,0.5910317318024775,-0.2959220729239766,2.7904458308529034e+18,0.3133243583254664,1.392633741136701,0,0,0,0,0,39173672.63324312,1670462759.4929805,2.7904458308529034e+18,-0.5910317318024775,-0.2959220729239766,2.7904458308529034e+18,0.3133243583254664,1.392633741136701,0,0,0,0,0,kanan
4,244.948,245.944,59916256.80994793,2061284652.4823167,4.248894418559145e+18,-0.0457055130626056,-0.4545979605600938,4.248894418559145e+18,0.3362580384677436,1.2636975388728404,0,0,0,0,0,-59916256.80994793,2061284652.4823167,4.2488944185591455e+18,0.0457055130626056,-0.4545979605600942,4.2488944185591455e+18,0.3362580384677435,1.2636975388728409,0,0,0,0,0,kanan
4,245.948,246.944,51447097.065712616,1901861007.0791523,3.617075290248128e+18,-0.1601070916982106,-0.2967622370256806,3.617075290248128e+18,0.2970605912462336,1.3472540587569597,0,0,0,0,0,-51447097.065712616,1901861007.0791523,3.617075290248128e+18,0.1601070916982105,-0.2967622370256806,3.617075290248128e+18,0.2970605912462336,1.3472540587569597,0,0,0,0,0,kanan
4,246.948,312.94,29246266.726537865,1874877978.4276395,3.515167433992912e+18,-0.0541711319247832,-0.1943327375469787,3.515167433992912e+18,0.3964937683853345,2.434508279937016,0,0,0,0,0,-29246266.72653785,1874877978.4276395,3.5151674339929124e+18,0.0541711319247831,-0.1943327375469796,3.5151674339929124e+18,0.3964937683853345,2.4345082799370155,0,0,0,0,0,kanan
5,312.944,313.94,-109042659.5537872,1822864726.973808,3.322835812845295e+18,0.2330133611259567,-0.1436952863881351,3.322835812845295e+18,0.3473182198808703,1.307985093541391,0,0,0,0,0,109042659.5537872,1822864726.973808,3.322835812845296e+18,-0.2330133611259566,-0.1436952863881355,3.322835812845296e+18,0.3473182198808703,1.307985093541391,0,0,0,0,0,kanan
5,313.944,314.94,27894652.945825577,1620231992.7963698,2.625151710480896e+18,0.4756407631703422,-0.2767499043635979,2.625151710480896e+18,0.36583472866884,1.214045307737902,0,0,0,0,0,-27894652.94582556,1620231992.7963698,2.6251517104808955e+18,-0.4756407631703425,-0.276749904363597,2.6251517104808955e+18,0.3658347286688401,1.214045307737902,0,0,0,0,0,kanan
5,314.944,315.94,152716945.95434517,1678989408.8509493,2.81900543503366e+18,0.7719540944624756,0.6745535178862823,2.81900543503366e+18,0.3308826209136724,1.3218868804748662,0,0,0,0,0,-152716945.95434517,1678989408.8509493,2.81900543503366e+18,-0.7719540944624756,0.6745535178862823,2.81900543503366e+18,0.3308826209136724,1.3218868804748662,0,0,0,0,0,kanan
5,315.944,316.94,-111561358.90899728,1797598071.39017,3.231358826265658e+18,0.1552011699648819,0.3872935862837359,3.231358826265658e+18,0.3550078247547081,1.2684225073192206,0,0,0,0,0,111561358.90899724,1797598071.39017,3.231358826265658e+18,-0.1552011699648818,0.3872935862837359,3.231358826265658e+18,0.3550078247547081,1.2684225073192206,0,0,0,0,0,kanan
5,316.944,317.94,82903575.951195,1709030138.5398932,2.9207840144376863e+18,0.4853210617308731,-0.1996178931290009,2.9207840144376863e+18,0.2725365904874694,1.503862772408468,0,0,0,0,0,-82903575.951195,1709030138.5398932,2.9207840144376863e+18,-0.485321061730873,-0.1996178931290009,2.9207840144376863e+18,0.2725365904874694,1.5038627724084683,0,0,0,0,0,kanan
5,317.944,318.94,112402424.90370394,2199980747.6050606,4.839915289832921e+18,0.6749539591739985,1.9153852246497376,4.839915289832921e+18,0.3306971821617143,1.2716509863460737,0,0,0,0,0,-112402424.90370396,2199980747.6050606,4.839915289832921e+18,-0.6749539591739984,1.9153852246497385,4.839915289832921e+18,0.3306971821617143,1.2716509863460737,0,0,0,0,0,kanan
5,318.944,24.94,-78904035.4074285,1470491232.341424,2.162344464393e+18,-0.5922479737483602,0.7589465769428574,2.162344464393e+18,0.2849660539752131,1.5953740823160762,0,0,0,0,0,78904035.40742849,1470491232.341424,2.162344464393e+18,0.5922479737483606,0.7589465769428574,2.162344464393e+18,0.2849660539752131,1.5953740823160765,0,0,0,0,0,kanan
1,24.944,25.94,42314187.7067247,1111005283.254238,1.23433273941883e+18,-0.778908021863695,0.1740736001267611,1.23433273941883e+18,0.3045566320921226,1.3643651386693345,0,0,0,0,0,-42314187.7067247,1111005283.254238,1.23433273941883e+18,0.778908021863695,0.1740736001267619,1.23433273941883e+18,0.3045566320921226,1.364365138669334,0,0,0,0,0,kanan
1,25.944,26.94,-166024154.82251027,1625740707.261618,2.6430328472475064e+18,-0.1972960486347597,-0.5024178647314117,2.6430328472475064e+18,0.2880408396844652,1.362658965018058,0,0,0,0,0,166024154.82251027,1625740707.2616184,2.643032847247507e+18,0.1972960486347596,-0.502417864731413,2.643032847247507e+18,0.2880408396844652,1.362658965018058,0,0,0,0,0,kanan
1,26.944,27.94,107337125.08488125,1568953178.3644483,2.461614075899905e+18,-0.5211293716513102,-0.1751331212965432,2.461614075899905e+18,0.3132279906579808,1.3010156369965726,0,0,0,0,0,-107337125.08488126,1568953178.3644483,2.4616140758999045e+18,0.5211293716513102,-0.1751331212965423,2.4616140758999045e+18,0.3132279906579808,1.3010156369965726,0,0,0,0,0,kanan
1,27.944,28.94,18081550.17612177,1569081557.2065268,2.462016933165659e+18,-0.6334189315940942,-0.4667358114898636,2.462016933165659e+18,0.344897851910585,1.1880050984692294,0,0,0,0,0,-18081550.176121764,1569081557.2065268,2.462016933165659e+18,0.633418931594094,-0.4667358114898641,2.462016933165659e+18,0.344897851910585,1.1880050984692294,0,0,0,0,0,kanan
1,28.944,29.94,-168334703.4497416,1381702950.4110155,1.909103043174506e+18,-0.6250224327727859,-0.6272737916828017,1.909103043174506e+18,0.2391954197425691,1.5387852266650008,0,0,0,0,0,168334703.44974157,1381702950.4110155,1.909103043174506e+18,0.6250224327727861,-0.6272737916828008,1.909103043174506e+18,0.2391954197425691,1.5387852266650008,0,0,0,0,0,kanan
1,29.944,30.94,330956398.81238604,947805961.107526,8.983361399109613e+17,-0.9830405784576888,0.9451755059625312,8.983361399109613e+17,0.363319102391434,1.200881254096781,0,0,0,0,0,-330956398.81238604,947805961.1075262,8.983361399109614e+17,0.9830405784576884,0.9451755059625307,8.983361399109614e+17,0.363319102391434,1.2008812540967813,0,0,0,0,0,kanan
1,30.944,96.936,53328043.722619146,1491332889.725414,2.2240737879767537e+18,-0.3826468900867184,-0.2462604779444692,2.2240737879767537e+18,0.3442714315141479,1.391555142839683,0,0,0,0,0,-53328043.72261912,1491332889.725414,2.2240737879767537e+18,0.3826468900867184,-0.2462604779444692,2.2240737879767537e+18,0.3442714315141479,1.391555142839683,0,0,0,0,0,kanan
2,96.94,97.936,-190595339.6162512,1695681172.8378506,2.8753346399167483e+18,-0.813003479078492,0.3964243412250576,2.8753346399167483e+18,0.3015380592238996,1.3267832461575533,0,0,0,0,0,190595339.6162512,1695681172.8378506,2.8753346399167483e+18,0.8130034790784919,0.3964243412250563,2.8753346399167483e+18,0.3015380592238996,1.3267832461575528,0,0,0,0,0,kanan
2,97.94,98.936,99437546.3835497,1363118377.503192,1.8580917110869348e+18,-0.7270782665814053,0.485143872278948,1.8580917110869348e+18,0.3122549828697185,1.3102610370586163,0,0,0,0,0,-99437546.3835497,1363118377.503192,1.8580917110869348e+18,0.727078266581405,0.485143872278948,1.8580917110869348e+18,0.3122549828697185,1.3102610370586163,0,0,0,0,0,kanan
2,98.94,99.936,83277466.31637023,1562169675.644996,2.440374095504792e+18,-0.5190219044433141,-0.1102704916480319,2.440374095504792e+18,0.3064810267194718,1.2931471337830605,0,0,0,0,0,-83277466.31637023,1562169675.644996,2.440374095504792e+18,0.5190219044433142,-0.1102704916480323,2.440374095504792e+18,0.3064810267194718,1.2931471337830602,0,0,0,0,0,kanan
2,99.94,100.936,-52427628.175886594,1511947564.4996812,2.285985437796518e+18,-1.089617133947816,2.2502710480895463,2.285985437796518e+18,0.2875103731829211,1.4519530431173917,0,0,0,0,0,52427628.17588656,1511947564.4996812,2.285985437796518e+18,1.0896171339478162,2.2502710480895454,2.285985437796518e+18,0.2875103731829211,1.4519530431173917,0,0,0,0,0,kanan
2,100.94,101.936,24471089.207528383,1358690139.1655889,1.846038894265807e+18,-0.6755464908651535,-0.0230880539007731,1.846038894265807e+18,0.3530300637736132,1.146941806104948,0,0,0,0,0,-24471089.2075284,1358690139.1655886,1.8460388942658068e+18,0.6755464908651536,-0.0230880539007731,1.8460388942658068e+18,0.3530300637736132,1.146941806104948,0,0,0,0,0,kanan
2,101.94,102.936,5936290.9550270615,1326265508.10313,1.758980197984054e+18,-0.802665038892809,2.079276925767231,1.758980197984054e+18,0.3266420615041092,1.294494438060934,0,0,0,0,0,-5936290.95502706,1326265508.1031303,1.7589801979840543e+18,0.802665038892809,2.079276925767229,1.7589801979840543e+18,0.3266420615041092,1.294494438060934,0,0,0,0,0,kanan
2,102.94,168.932,-407417.4058923645,1212814390.8701577,1.470918746701751e+18,-0.4380967070045821,-0.3723170203193837,1.470918746701751e+18,0.3643053369720483,1.8107701428214853,0,0,0,0,0,407417.4058923645,1212814390.8701572,1.4709187467017508e+18,0.438096707004582,-0.3723170203193833,1.4709187467017508e+18,0.3643053369720484,1.810770142821485,0,0,0,0,0,kanan
3,168.936,169.932,96061678.69418588,1182804480.3021214,1.3990264386227717e+18,-0.0862909232169617,-0.7174206360420059,1.3990264386227717e+18,0.3612047931703427,1.237226799192703,0,0,0,0,0,-96061678.69418588,1182804480.3021214,1.3990264386227717e+18,0.0862909232169616,-0.7174206360420072,1.3990264386227717e+18,0.3612047931703427,1.237226799192703,0,0,0,0,0,kanan
3,169.936,170.932,-60020912.73432503,1794824590.2643468,3.2213953098175805e+18,-0.4759950533937184,-0.1920274460584266,3.2213953098175805e+18,0.3456253410098807,1.2198904570574878,0,0,0,0,0,60020912.73432505,1794824590.2643468,3.2213953098175805e+18,0.4759950533937184,-0.1920274460584266,3.2213953098175805e+18,0.3456253410098808,1.2198904570574876,0,0,0,0,0,kanan
3,170.936,171.932,82815056.48489791,1545000550.3887691,2.3870267007016e+18,-0.5363522911770975,0.0274013885055235,2.3870267007016e+18,0.3537343574643148,1.1786329137108942,0,0,0,0,0,-82815056.48489796,1545000550.3887691,2.3870267007016e+18,0.5363522911770975,0.0274013885055235,2.3870267007016e+18,0.3537343574643148,1.1786329137108942,0,0,0,0,0,kanan
3,171.936,172.932,-99358525.32799023,1846627267.064416,3.4100322634657946e+18,-0.6906603039517956,0.4950330330399093,3.4100322634657946e+18,0.3219755377067604,1.2944174685498222,0,0,0,0,0,99358525.32799023,1846627267.064416,3.4100322634657946e+18,0.6906603039517956,0.4950330330399093,3.4100322634657946e+18,0.3219755377067603,1.2944174685498229,0,0,0,0,0,kanan
3,172.936,173.932,105134352.6224911,1578015282.276509,2.4901322310982103e+18,-0.8068948866868437,-0.1240733735832173,2.4901322310982103e+18,0.2517123906536687,1.5592147393466689,0,0,0,0,0,-105134352.62249112,1578015282.276509,2.4901322310982103e+18,0.806894886686844,-0.1240733735832173,2.4901322310982103e+18,0.2517123906536687,1.5592147393466689,0,0,0,0,0,kanan
3,173.936,174.932,38410837.22498526,1660681084.9411304,2.7578616658812503e+18,-0.6723188198225106,-0.2173316512790721,2.7578616658812503e+18,0.3086825963465695,1.4385621007201317,0,0,0,0,0,-38410837.22498524,1660681084.9411304,2.7578616658812503e+18,0.6723188198225107,-0.2173316512790717,2.7578616658812503e+18,0.3086825963465695,1.4385621007201317,0,0,0,0,0,kanan
3,174.936,240.928,72311098.42012897,1397278468.725891,1.952387119164971e+18,-0.7794256033987267,0.3250143623076176,1.952387119164971e+18,0.2754499638391752,1.5883410461430203,0,0,0,0,0,-72311098.42012894,1397278468.7258914,1.9523871191649715e+18,0.7794256033987265,0.3250143623076154,1.9523871191649715e+18,0.2754499638391752,1.5883410461430203,0,0,0,0,0,kanan
4,240.932,241.928,20152616.164276157,1689040751.5240035,2.852858660308771e+18,-1.2751928676285034,3.2702912378659645,2.852858660308771e+18,0.3342533093318515,1.2610946935955558,0,0,0,0,0,-20152616.16427614,1689040751.5240035,2.852858660308771e+18,1.2751928676285034,3.2702912378659663,2.852858660308771e+18,0.3342533093318515,1.2610946935955558,0,0,0,0,0,belakang
4,241.932,242.928,7675585.951436463,1280621508.328288,1.63999144759302e+18,-0.6159470809111831,0.164170966314852,1.63999144759302e+18,0.3202576942489678,1.3904292051708065,0,0,0,0,0,-7675585.951436463,1280621508.328288,1.63999144759302e+18,0.6159470809111831,0.164170966314852,1.63999144759302e+18,0.3202576942489678,1.390429205170806,0,0,0,0,0,kanan
4,242.932,243.928,-23078330.51359768,1503849330.5433638,2.2615628089757235e+18,-0.5027072467541596,-0.488668337881021,2.2615628089757235e+18,0.3134866550484448,1.3342654760243309,0,0,0,0,0,23078330.5135977,1503849330.5433638,2.2615628089757235e+18,0.5027072467541596,-0.4886683378810215,2.2615628089757235e+18,0.3134866550484448,1.3342654760243309,0,0,0,0,0,kanan
4,243.932,244.928,-15022937.420957794,1381459921.509792,1.9084315147378404e+18,-0.6257431463252934,-0.0087135013276138,1.9084315147378404e+18,0.3192405073327861,1.292375511754046,0,0,0,0,0,15022937.420957794,1381459921.509792,1.9084315147378404e+18,0.6257431463252933,-0.0087135013276138,1.9084315147378404e+18,0.3192405073327861,1.292375511754046,0,0,0,0,0,kanan
4,244.932,245.928,-24661414.09788576,1779394489.4692888,3.1662447491536707e+18,-1.099394514542641,0.8462428046962236,3.1662447491536707e+18,0.3026130757066414,1.271535207228807,0,0,0,0,0,24661414.09788576,1779394489.4692888,3.1662447491536707e+18,1.0993945145426407,0.8462428046962245,3.1662447491536707e+18,0.3026130757066414,1.271535207228807,0,0,0,0,0,kanan
4,245.932,246.928,55896685.36032918,1843342121.4622767,3.397910176757047e+18,-0.4747454533122949,-0.5383236175111019,3.397910176757047e+18,0.3320421420657001,1.3084572473451062,0,0,0,0,0,-55896685.3603292,1843342121.4622767,3.397910176757047e+18,0.4747454533122948,-0.5383236175111019,3.397910176757047e+18,0.3320421420657001,1.308457247345106,0,0,0,0,0,kanan
4,246.932,312.924,-368138016.1577546,2010307912.8442972,4.041337904444395e+18,-0.1490054392650386,-0.7782642543193687,4.041337904444395e+18,0.2843759678803169,2.332163474458836,0,0,0,0,0,368138016.15775466,2010307912.8442972,4.041337904444396e+18,0.1490054392650384,-0.7782642543193692,4.041337904444396e+18,0.2843759678803168,2.332163474458837,0,0,0,0,0,kanan
5,312.928,313.924,153200640.7497633,1459114808.9229348,2.1290160256182124e+18,-0.0764018420500247,-0.352069842959505,2.1290160256182124e+18,0.3509251459874707,1.2715605853116188,0,0,0,0,0,-153200640.7497633,1459114808.9229348,2.1290160256182124e+18,0.0764018420500246,-0.352069842959505,2.1290160256182124e+18,0.3509251459874707,1.2715605853116188,0,0,0,0,0,belakang
5,313.928,314.924,-146795939.00358573,1666574149.2517602,2.7774693949542287e+18,-0.7375764420677806,-0.0336549986699044,2.7774693949542287e+18,0.2744292800011285,1.4083670606034362,0,0,0,0,0,146795939.00358573,1666574149.2517602,2.7774693949542287e+18,0.7375764420677804,-0.0336549986699048,2.7774693949542287e+18,0.2744292800011285,1.4083670606034362,0,0,0,0,0,kanan
5,314.928,315.924,237335706.29071772,1439333303.3238208,2.071680358057062e+18,-1.036519674836591,1.4919196176638714,2.071680358057062e+18,0.3560921385089354,1.2409791044223937,0,0,0,0,0,-237335706.2907177,1439333303.3238208,2.071680358057062e+18,1.0365196748365917,1.4919196176638725,2.071680358057062e+18,0.3560921385089354,1.2409791044223932,0,0,0,0,0,kanan
5,315.928,316.924,-104341534.10886696,1745733554.9864042,3.0475856450054687e+18,-0.3556432830758947,0.1748525619169667,3.0475856450054687e+18,0.2975223239135697,1.3188314980856757,0,0,0,0,0,104341534.10886696,1745733554.986404,3.047585645005468e+18,0.3556432830758948,0.174852561916968,3.047585645005468e+18,0.2975223239135697,1.3188314980856757,0,0,0,0,0,kanan
5,316.928,317.924,-64777204.75379007,1716826555.8166516,2.9474934227572664e+18,-0.9808417802025232,0.4655503568705814,2.9474934227572664e+18,0.3073509876940825,1.3558095653653628,0,0,0,0,0,64777204.75379007,1716826555.8166516,2.9474934227572664e+18,0.9808417802025232,0.4655503568705814,2.9474934227572664e+18,0.3073509876940825,1.3558095653653628,0,0,0,0,0,kanan
5,317.928,318.924,-2919460.547865379,1962224568.297233,3.850325256429264e+18,-0.4367756348659433,-0.47073362675357,3.850325256429264e+18,0.3184675901843839,1.3507317252313402,0,0,0,0,0,2919460.547865391,1962224568.297233,3.850325256429264e+18,0.4367756348659433,-0.4707336267535704,3.850325256429264e+18,0.3184675901843839,1.3507317252313404,0,0,0,0,0,kanan
5,318.928,29.92,-27047027.284956004,529968021.42467374,2.8086610373278342e+17,0.141481163571767,3.430085190838974,2.8086610373278342e+17,0.4143857505196527,1.591535817175368,0,0,0,0,0,27047027.28495601,529968021.4246737,2.808661037327834e+17,-0.1414811635717666,3.430085190838972,2.808661037327834e+17,0.4143857505196527,1.5915358171753675,0,0,0,0,0,kanan
1,29.924,30.92,10354721.892424269,438357321.4092636,1.921571412331044e+17,0.6555591709371116,0.156627786094877,1.921571412331044e+17,0.3160038513836615,1.2934750327467193,0,0,0,0,0,-10354721.892424265,438357321.4092635,1.9215714123310435e+17,-0.6555591709371117,0.156627786094877,1.9215714123310435e+17,0.3160038513836615,1.2934750327467193,0,0,0,0,0,kanan
1,30.924,31.92,17620698.05874891,457332740.8854301,2.0915323588578e+17,0.3802060987757827,-0.3201065362620579,2.0915323588578e+17,0.2871426574332236,1.4380848467744365,0,0,0,0,0,-17620698.05874892,457332740.8854301,2.0915323588578e+17,-0.3802060987757827,-0.3201065362620583,2.0915323588578e+17,0.2871426574332236,1.4380848467744365,0,0,0,0,0,kanan
1,31.924,32.92,9483176.160061205,366014036.7638139,1.3396627510814254e+17,0.6033131421431455,0.3004213137741818,1.3396627510814254e+17,0.3433241680799107,1.2167067935610751,0,0,0,0,0,-9483176.16006121,366014036.7638139,1.3396627510814254e+17,-0.6033131421431454,0.3004213137741818,1.3396627510814254e+17,0.3433241680799107,1.2167067935610751,0,0,0,0,0,kanan
1,32.924,33.92,12818182.654364578,409529775.0157908,1.6771463662448422e+17,0.7747682616691368,0.1015601064717275,1.6771463662448422e+17,0.2860721361819281,1.3894393289537477,0,0,0,0,0,-12818182.654364586,409529775.0157908,1.6771463662448422e+17,-0.7747682616691368,0.1015601064717275,1.6771463662448422e+17,0.2860721361819281,1.3894393289537477,0,0,0,0,0,kanan
1,33.924,34.92,-44069948.57667342,378503174.7426193,1.432646532902418e+17,0.6279070548632298,-0.2048631010481072,1.432646532902418e+17,0.2850244778138166,1.4007439667632473,0,0,0,0,0,44069948.57667342,378503174.7426193,1.432646532902418e+17,-0.6279070548632298,-0.2048631010481072,1.432646532902418e+17,0.2850244778138166,1.4007439667632473,0,0,0,0,0,kanan
1,34.924,35.92,-25388791.01425857,354004848.81403816,1.2531943298385005e+17,0.4521785514950248,-0.0107580355047147,1.2531943298385005e+17,0.3149159410541378,1.3641397894515794,0,0,0,0,0,25388791.01425857,354004848.81403816,1.2531943298385005e+17,-0.4521785514950246,-0.0107580355047152,1.2531943298385005e+17,0.3149159410541378,1.3641397894515794,0,0,0,0,0,kanan
1,35.924,101.916,9415948.18377385,392706773.3187308,1.5421860981040906e+17,0.5855001404987149,0.4156723409238894,1.5421860981040906e+17,0.3642898303081086,1.489604337898264,0,0,0,0,0,-9415948.183773857,392706773.3187308,1.5421860981040906e+17,-0.5855001404987149,0.4156723409238902,1.5421860981040906e+17,0.3642898303081086,1.4896043378982646,0,0,0,0,0,kanan
2,101.92,102.916,-21218528.2146791,417766320.56672937,1.745286985998633e+17,0.1724531234780122,-0.7690007260498866,1.745286985998633e+17,0.3288526750497606,1.265566928994371,0,0,0,0,0,21218528.2146791,417766320.56672937,1.745286985998633e+17,-0.1724531234780123,-0.7690007260498866,1.745286985998633e+17,0.3288526750497606,1.265566928994371,0,0,0,0,0,kanan
2,102.92,103.916,15748691.979679056,394948816.3396813,1.5598456752811533e+17,0.4056060494110682,-0.3088269943480033,1.5598456752811533e+17,0.3278916419253185,1.3081937730852364,0,0,0,0,0,-15748691.979679056,394948816.3396813,1.5598456752811533e+17,-0.405606049411068,-0.3088269943480037,1.5598456752811533e+17,0.3278916419253185,1.3081937730852364,0,0,0,0,0,kanan
2,103.92,104.916,-4304708.109113987,476261900.2552555,2.268253976347469e+17,0.0361292134888894,-0.7779507001065746,2.268253976347469e+17,0.321916209621142,1.282712631006728,0,0,0,0,0,4304708.109113995,476261900.2552555,2.2682539763474694e+17,-0.0361292134888898,-0.7779507001065755,2.2682539763474694e+17,0.321916209621142,1.282712631006728,0,0,0,0,0,kanan
2,104.92,105.916,34621031.35517916,538784177.9565625,2.902883904163288e+17,0.6670278280233307,-0.0815238322187243,2.902883904163288e+17,0.3305572132135976,1.256935535535281,0,0,0,0,0,-34621031.35517916,538784177.9565625,2.902883904163288e+17,-0.6670278280233307,-0.0815238322187243,2.902883904163288e+17,0.3305572132135976,1.256935535535281,0,0,0,0,0,kanan
2,105.92,106.916,-50837984.69860087,375336390.4386606,1.4087740598752269e+17,0.4314665556718255,-0.7270290216760404,1.4087740598752269e+17,0.3268484039873182,1.3294348600190422,0,0,0,0,0,50837984.69860086,375336390.4386606,1.4087740598752269e+17,-0.4314665556718255,-0.7270290216760409,1.4087740598752269e+17,0.3268484039873182,1.3294348600190422,0,0,0,0,0,kanan
2,106.92,107.916,10703438.967039889,445605459.1522201,1.9856422522626086e+17,1.6672989429146137,3.679690507199422,1.9856422522626086e+17,0.2842173356278473,1.4102016543279088,0,0,0,0,0,-10703438.96703989,445605459.1522201,1.9856422522626086e+17,-1.6672989429146132,3.67969050719942,1.9856422522626086e+17,0.2842173356278473,1.4102016543279088,0,0,0,0,0,kanan
2,107.92,173.912,6288813.735329455,431544176.0663223,1.8623037589676102e+17,0.2357014852977742,-0.5728512651281243,1.8623037589676102e+17,0.3235573322341019,2.078478319917641,0,0,0,0,0,-6288813.735329443,431544176.0663224,1.8623037589676102e+17,-0.2357014852977746,-0.5728512651281248,1.8623037589676102e+17,0.3235573322341019,2.0784783199176404,0,0,0,0,0,kanan
3,173.916,174.912,13793518.018203009,495633123.9001586,2.4565219350703e+17,0.7694624036761917,-0.0016012767766047,2.4565219350703e+17,0.2724222237777586,1.4567591819623464,0,0,0,0,0,-13793518.018203013,495633123.9001586,2.4565219350703e+17,-0.7694624036761915,-0.0016012767766055,2.4565219350703e+17,0.2724222237777586,1.4567591819623462,0,0,0,0,0,kanan
3,174.916,175.912,-30099263.33136357,411107128.9782572,1.690090714967454e+17,0.2552453020414016,-0.7062482754491723,1.690090714967454e+17,0.2831194297207049,1.478410385077314,0,0,0,0,0,30099263.33136356,411107128.9782572,1.690090714967454e+17,-0.2552453020414015,-0.7062482754491728,1.690090714967454e+17,0.2831194297207049,1.478410385077314,0,0,0,0,0,kanan
3,175.916,176.912,-7298230.030836098,356319237.2255423,1.2696339881699229e+17,-0.0171470722441619,-0.8531483098335997,1.2696339881699229e+17,0.3404500969601463,1.2584498976049137,0,0,0,0,0,7298230.030836087,356319237.2255423,1.269633988169923e+17,0.0171470722441619,-0.8531483098336006,1.269633988169923e+17,0.3404500969601463,1.2584498976049137,0,0,0,0,0,kanan
3,176.916,177.912,7695610.177925979,536719423.4220812,2.880677394785313e+17,0.6895331156216687,0.6204397800122412,2.880677394785313e+17,0.3146295655426602,1.375749601863799,0,0,0,0,0,-7695610.177925981,536719423.4220812,2.880677394785313e+17,-0.6895331156216687,0.6204397800122412,2.880677394785313e+17,0.3146295655426602,1.375749601863799,0,0,0,0,0,kanan
3,177.916,178.912,3985245.4929834367,398744429.1988192,1.5899711981709216e+17,0.188700332708755,-0.6417131875185436,1.5899711981709216e+17,0.3583772786815091,1.1659924885743105,0,0,0,0,0,-3985245.492983452,398744429.1988192,1.5899711981709216e+17,-0.188700332708755,-0.641713187518544,1.5899711981709216e+17,0.3583772786815091,1.1659924885743105,0,0,0,0,0,kanan
3,178.916,179.912,-8508204.855005313,518019406.5159656,2.6834410552715325e+17,0.5554201982120849,0.009464182189272,2.6834410552715325e+17,0.3007799896678464,1.3392496631881043,0,0,0,0,0,8508204.85500531,518019406.5159656,2.683441055271532e+17,-0.5554201982120848,0.0094641821892729,2.683441055271532e+17,0.3007799896678464,1.3392496631881043,0,0,0,0,0,kanan
3,179.916,245.908,47613904.16483037,471835778.486428,2.226290018598936e+17,0.6490816077378002,0.248417745327206,2.226290018598936e+17,0.3455262436424927,1.4572150758219566,0,0,0,0,0,-47613904.16483037,471835778.486428,2.226290018598936e+17,-0.6490816077378002,0.2484177453272051,2.226290018598936e+17,0.3455262436424927,1.4572150758219569,0,0,0,0,0,kanan
4,245.912,246.908,28054200.11145141,463516305.7349399,2.1484736568216627e+17,0.2243445212335199,-0.4896335741257953,2.1484736568216627e+17,0.3107629694122694,1.2747621117477952,0,0,0,0,0,-28054200.11145141,463516305.7349399,2.1484736568216627e+17,-0.2243445212335199,-0.4896335741257949,2.1484736568216627e+17,0.3107629694122694,1.2747621117477954,0,0,0,0,0,kanan
4,246.912,247.908,-10192607.414538514,497812280.5821389,2.478170666983901e+17,0.6060105502250732,-0.3677527373956089,2.478170666983901e+17,0.3483609158166698,1.2911787229435243,0,0,0,0,0,10192607.414538514,497812280.5821389,2.4781706669839014e+17,-0.6060105502250729,-0.3677527373956093,2.4781706669839014e+17,0.3483609158166698,1.2911787229435243,0,0,0,0,0,kanan
4,247.912,248.908,-53600759.10909356,408239860.30562687,1.6665978354235773e+17,0.8518464028879758,0.942266462464146,1.6665978354235773e+17,0.2919064897339402,1.2757093121585796,0,0,0,0,0,53600759.109093554,408239860.30562687,1.6665978354235776e+17,-0.8518464028879756,0.9422664624641448,1.6665978354235776e+17,0.2919064897339402,1.27570931215858,0,0,0,0,0,kanan
4,248.912,249.908,-2246462.6090876427,314576920.90696424,9.895863916730643e+16,0.0244434599991772,-0.651346918116237,9.895863916730643e+16,0.3258655874088895,1.2525404865497956,0,0,0,0,0,2246462.6090876427,314576920.90696424,9.895863916730643e+16,-0.0244434599991773,-0.651346918116237,9.895863916730643e+16,0.3258655874088895,1.2525404865497956,0,0,0,0,0,kanan
4,249.912,250.908,7807650.992202793,507929687.3022126,2.579925672429235e+17,0.4174914367931887,-0.4982532976727478,2.579925672429235e+17,0.3065077581932054,1.2894518518437834,0,0,0,0,0,-7807650.992202793,507929687.3022126,2.579925672429235e+17,-0.4174914367931887,-0.4982532976727478,2.579925672429235e+17,0.3065077581932054,1.2894518518437834,0,0,0,0,0,kanan
4,250.912,251.908,25530717.453874864,524851806.2400762,2.7546941851347053e+17,0.3110297144306029,-0.0246211262451949,2.7546941851347053e+17,0.3092202710080509,1.3965682461092492,0,0,0,0,0,-25530717.453874864,524851806.2400762,2.7546941851347053e+17,-0.311029714430603,-0.0246211262451949,2.7546941851347053e+17,0.3092202710080509,1.3965682461092492,0,0,0,0,0,kanan
4,251.912,317.904,-5857743.787138992,509127448.7619484,2.5921075908285037e+17,0.5896896441840628,-0.2779733447632111,2.5921075908285037e+17,0.3605332746553684,1.6600379330178734,0,0,0,0,0,5857743.787138996,509127448.7619484,2.5921075908285037e+17,-0.5896896441840628,-0.2779733447632107,2.5921075908285037e+17,0.3605332746553684,1.6600379330178734,0,0,0,0,0,kanan
5,317.908,318.904,9978206.603229966,514831558.7179044,2.6505153385190704e+17,0.5816470883403306,-0.3095769583205436,2.6505153385190704e+17,0.3686762585725557,1.1664996955659366,0,0,0,0,0,-9978206.603229962,514831558.7179044,2.6505153385190704e+17,-0.5816470883403306,-0.3095769583205436,2.6505153385190704e+17,0.3686762585725557,1.1664996955659366,0,0,0,0,0,kanan
5,318.908,319.904,-6412790.153488456,492586473.9531627,2.4264143432160986e+17,0.9250173045726882,1.7578834589204575,2.4264143432160986e+17,0.3269850515175609,1.2480648091382467,0,0,0,0,0,6412790.153488461,492586473.9531627,2.4264143432160986e+17,-0.9250173045726884,1.7578834589204568,2.4264143432160986e+17,0.3269850515175609,1.248064809138247,0,0,0,0,0,kanan
5,319.908,320.904,15106413.512549486,434216875.92186207,1.8854429533534176e+17,0.6015288047255851,-0.1180628073603675,1.8854429533534176e+17,0.3097218124446379,1.370219154506494,0,0,0,0,0,-15106413.51254948,434216875.92186207,1.8854429533534176e+17,-0.6015288047255849,-0.118062807360368,1.8854429533534176e+17,0.3097218124446378,1.3702191545064946,0,0,0,0,0,kanan
5,320.908,321.904,9335762.581918323,541054579.7571332,2.9274005827616806e+17,0.5235381278566095,-0.6118092638289978,2.9274005827616806e+17,0.3754557437368022,1.2023621973605338,0,0,0,0,0,-9335762.58191833,541054579.7571332,2.9274005827616806e+17,-0.5235381278566092,-0.6118092638289983,2.9274005827616806e+17,0.3754557437368022,1.2023621973605338,0,0,0,0,0,kanan
5,321.908,322.904,-8865075.435899345,507665744.2485789,2.5772450788346355e+17,0.7132837262161116,0.5606627528440207,2.5772450788346355e+17,0.3592944335611341,1.185151974746773,0,0,0,0,0,8865075.435899338,507665744.2485789,2.5772450788346355e+17,-0.7132837262161116,0.5606627528440207,2.5772450788346355e+17,0.3592944335611341,1.185151974746773,0,0,0,0,0,kanan
5,322.908,323.904,-17493799.518619508,526405372.5497928,2.771026162492861e+17,0.5563637766533064,-0.4430563812866368,2.771026162492861e+17,0.3076326220660118,1.3601416196529768,0,0,0,0,0,17493799.5186195,526405372.5497928,2.771026162492862e+17,-0.5563637766533063,-0.4430563812866381,2.771026162492862e+17,0.3076326220660118,1.3601416196529772,0,0,0,0,0,kanan
5,323.908,29.9,52424936.17294757,1890492409.580508,3.573961550681516e+18,0.4295936917879456,1.1098183153045849,3.573961550681516e+18,0.3281567607123256,1.4268735687524514,0,0,0,0,0,-52424936.17294757,1890492409.580508,3.573961550681516e+18,-0.4295936917879457,1.109818315304584,3.573961550681516e+18,0.3281567607123256,1.4268735687524514,0,0,0,0,0,kanan
1,29.904,30.9,-13522971.535534805,1892752810.3215137,3.582513200979988e+18,0.0427818650804999,0.661355781415867,3.582513200979988e+18,0.3042057044531135,1.4611718081221707,0,0,0,0,0,13522971.535534836,1892752810.3215137,3.582513200979988e+18,-0.0427818650804998,0.661355781415867,3.582513200979988e+18,0.3042057044531135,1.4611718081221707,0,0,0,0,0,kanan
1,30.904,31.9,745122.3332071839,2190388630.4803824,4.797802352537725e+18,0.5171256843916859,0.5567997669743199,4.797802352537725e+18,0.336095464827222,1.1664722742507734,0,0,0,0,0,-745122.3332071534,2190388630.4803824,4.797802352537725e+18,-0.5171256843916859,0.5567997669743199,4.797802352537725e+18,0.336095464827222,1.1664722742507732,0,0,0,0,0,kanan
1,31.904,32.9,-51882003.53440512,1946239153.2105143,3.787846841489581e+18,-0.6450343453403536,0.0874603445908772,3.787846841489581e+18,0.2607443230734049,1.4012346821066932,0,0,0,0,0,51882003.53440512,1946239153.2105143,3.787846841489581e+18,0.6450343453403536,0.0874603445908772,3.787846841489581e+18,0.2607443230734049,1.4012346821066932,0,0,0,0,0,kanan
1,32.904,33.9,94501260.0064879,1698121853.399986,2.8836178289946035e+18,-0.0205747048706043,-0.3857420598274403,2.8836178289946035e+18,0.3441100008962447,1.2692509135620984,0,0,0,0,0,-94501260.00648792,1698121853.399986,2.8836178289946035e+18,0.0205747048706043,-0.3857420598274403,2.8836178289946035e+18,0.3441100008962447,1.2692509135620984,0,0,0,0,0,kanan
1,33.904,34.9,-36545618.20999802,1780232678.9040403,3.169228391037856e+18,-0.3766806066348631,0.6157181494828348,3.169228391037856e+18,0.3003587484413538,1.3633469228245887,0,0,0,0,0,36545618.20999802,1780232678.9040403,3.169228391037856e+18,0.3766806066348631,0.6157181494828352,3.169228391037856e+18,0.3003587484413538,1.363346922824589,0,0,0,0,0,kanan
1,34.904,35.9,44082641.09208316,1906655686.884728,3.6353359083298734e+18,-0.0800883702959997,0.3057587485173214,3.6353359083298734e+18,0.3081927055535652,1.276219818616504,0,0,0,0,0,-44082641.09208318,1906655686.884728,3.6353359083298734e+18,0.0800883702959997,0.3057587485173214,3.6353359083298734e+18,0.3081927055535652,1.276219818616504,0,0,0,0,0,kanan
1,35.904,101.896,17650117.546426225,1819408564.1063333,3.310247523143469e+18,-0.1910865912799604,0.0089337687140047,3.310247523143469e+18,0.2837189383295921,1.5795228394455547,0,0,0,0,0,-17650117.546426192,1819408564.1063333,3.310247523143469e+18,0.1910865912799606,0.0089337687140051,3.310247523143469e+18,0.2837189383295921,1.5795228394455547,0,0,0,0,0,kanan
2,101.9,102.896,-31129367.96378894,1834859212.9196813,3.3667083312362327e+18,0.1609906789165035,-0.3264720429046339,3.3667083312362327e+18,0.3518923184402244,1.2168303241813818,0,0,0,0,0,31129367.96378894,1834859212.9196813,3.3667083312362327e+18,-0.1609906789165035,-0.3264720429046339,3.3667083312362327e+18,0.3518923184402244,1.2168303241813818,0,0,0,0,0,kanan
2,102.9,103.896,-46314142.58599977,2129171070.4687865,4.533369447321198e+18,0.3218043389231746,-0.0429495767573655,4.533369447321198e+18,0.3160365536916606,1.3650538630048352,0,0,0,0,0,46314142.58599976,2129171070.4687865,4.533369447321198e+18,-0.3218043389231747,-0.0429495767573655,4.533369447321198e+18,0.3160365536916606,1.365053863004835,0,0,0,0,0,kanan
2,103.9,104.896,-12951430.455252334,1689152300.786944,2.853235495253826e+18,-0.4884928450622042,-0.1140081424609156,2.853235495253826e+18,0.3410341938683168,1.316863969409798,0,0,0,0,0,12951430.455252305,1689152300.786944,2.853235495253826e+18,0.4884928450622042,-0.1140081424609147,2.853235495253826e+18,0.3410341938683168,1.316863969409798,0,0,0,0,0,kanan
2,104.9,105.896,91303340.82316025,1875211682.49875,3.516418854179793e+18,-0.4389263174557174,-0.3232860679053577,3.516418854179793e+18,0.3565020550355261,1.1901961909732064,0,0,0,0,0,-91303340.82316022,1875211682.49875,3.516418854179793e+18,0.4389263174557174,-0.3232860679053577,3.516418854179793e+18,0.3565020550355261,1.1901961909732064,0,0,0,0,0,kanan
2,105.9,106.896,-88133319.53566161,1212037862.561076,1.4690357802816218e+18,-0.3191700947806122,-0.1890512872499812,1.4690357802816218e+18,0.3283842224583172,1.3272886071476806,0,0,0,0,0,88133319.5356616,1212037862.561076,1.4690357802816218e+18,0.3191700947806122,-0.1890512872499812,1.4690357802816218e+18,0.3283842224583171,1.3272886071476808,0,0,0,0,0,kanan
2,106.9,107.896,-99881987.80761155,1821787619.860824,3.3189101318781645e+18,-0.0172269203127335,0.950990581862325,3.3189101318781645e+18,0.348201993132167,1.2258220991140565,0,0,0,0,0,99881987.80761155,1821787619.8608236,3.318910131878164e+18,0.0172269203127337,0.950990581862326,3.318910131878164e+18,0.348201993132167,1.2258220991140565,0,0,0,0,0,kanan
2,107.9,173.892,266495016.27778864,1968008750.0999649,3.873058440470025e+18,0.3239324926189609,-0.2360112723843639,3.873058440470025e+18,0.3042892980046731,2.038524127434352,0,0,0,0,0,-266495016.27778864,1968008750.0999649,3.873058440470025e+18,-0.3239324926189608,-0.2360112723843634,3.873058440470025e+18,0.3042892980046731,2.038524127434352,0,0,0,0,0,kanan
3,173.896,174.892,38299532.52863532,2154801997.3929763,4.64317164796876e+18,0.0525066128880579,0.3047571006984859,4.64317164796876e+18,0.2818125372237327,1.2981150931413408,0,0,0,0,0,-38299532.52863531,2154801997.392976,4.643171647968759e+18,-0.0525066128880578,0.3047571006984872,4.643171647968759e+18,0.2818125372237327,1.2981150931413403,0,0,0,0,0,kanan
3,174.896,175.892,-100650372.59835328,1876349836.0757,3.520688707341305e+18,-0.069754336495169,0.1026436218588151,3.520688707341305e+18,0.3143863346960804,1.2684918004374253,0,0,0,0,0,100650372.59835328,1876349836.0757,3.5206887073413043e+18,0.0697543364951691,0.1026436218588155,3.5206887073413043e+18,0.3143863346960804,1.2684918004374253,0,0,0,0,0,kanan
3,175.896,176.892,-66707613.93387662,2280513986.2406206,5.200744041439086e+18,0.1813883068278348,0.7291156531885155,5.200744041439086e+18,0.348332224037332,1.216378912459243,0,0,0,0,0,66707613.93387663,2280513986.2406206,5.200744041439086e+18,-0.1813883068278349,0.7291156531885155,5.200744041439086e+18,0.348332224037332,1.216378912459243,0,0,0,0,0,kanan
3,176.896,177.892,189946404.9962916,1899171261.072449,3.606851478883517e+18,0.0770891541975646,0.1803103293738814,3.606851478883517e+18,0.319640582636398,1.3117288949848274,0,0,0,0,0,-189946404.9962916,1899171261.072449,3.606851478883517e+18,-0.0770891541975646,0.1803103293738814,3.606851478883517e+18,0.3196405826363981,1.311728894984827,0,0,0,0,0,kanan
3,177.896,178.892,-126558438.82274452,1901145071.009836,3.614352581024993e+18,0.0891128066487984,-0.1953003062304343,3.614352581024993e+18,0.2989784003327928,1.2363171113134737,0,0,0,0,0,126558438.82274456,1901145071.009836,3.614352581024993e+18,-0.0891128066487984,-0.1953003062304343,3.614352581024993e+18,0.2989784003327928,1.2363171113134737,0,0,0,0,0,kanan
3,178.896,179.892,-57174117.141148746,1723077933.0904803,2.968997563503361e+18,0.4575606849943264,0.0370330150206807,2.968997563503361e+18,0.3122048237000677,1.380910911634856,0,0,0,0,0,57174117.14114871,1723077933.0904803,2.968997563503361e+18,-0.4575606849943264,0.0370330150206799,2.968997563503361e+18,0.3122048237000677,1.3809109116348557,0,0,0,0,0,kanan
3,179.896,245.888,-41211666.02138484,1548269161.3252375,2.3971373959107543e+18,0.2487333594674176,-0.1796193859569488,2.3971373959107543e+18,0.37624900913465,1.824011391973656,0,0,0,0,0,41211666.02138484,1548269161.3252375,2.3971373959107543e+18,-0.2487333594674178,-0.1796193859569488,2.3971373959107543e+18,0.37624900913465,1.824011391973656,0,0,0,0,0,kanan
4,245.892,246.888,58249882.90238379,1793810219.5335844,3.217755103703126e+18,-0.2142608388950101,0.3734421602868996,3.217755103703126e+18,0.3299451817224866,1.32651006209875,0,0,0,0,0,-58249882.90238384,1793810219.5335844,3.217755103703126e+18,0.21426083889501,0.3734421602868996,3.217755103703126e+18,0.3299451817224866,1.32651006209875,0,0,0,0,0,kanan
4,246.892,247.888,-14674662.642632632,1448797127.0182045,2.0990131152562035e+18,-0.2517940811697057,-0.0494681025167174,2.0990131152562035e+18,0.3341526899741794,1.266066313478848,0,0,0,0,0,14674662.642632632,1448797127.0182045,2.0990131152562035e+18,0.2517940811697057,-0.0494681025167169,2.0990131152562035e+18,0.3341526899741794,1.266066313478848,0,0,0,0,0,kanan
4,247.892,248.888,-50785216.46666968,1652679129.756954,2.731348305934203e+18,0.2852729472366352,0.3294220857095298,2.731348305934203e+18,0.3395099983630985,1.295775107525387,0,0,0,0,0,50785216.46666968,1652679129.756954,2.731348305934203e+18,-0.2852729472366352,0.3294220857095293,2.731348305934203e+18,0.3395099983630984,1.2957751075253872,0,0,0,0,0,kanan
4,248.892,249.888,103545564.16012634,2149740420.4137096,4.621383875160514e+18,0.506300495794909,0.29264859450236,4.621383875160514e+18,0.3450509071766491,1.2819314087479696,0,0,0,0,0,-103545564.1601264,2149740420.4137096,4.621383875160514e+18,-0.506300495794909,0.2926485945023596,4.621383875160514e+18,0.3450509071766491,1.2819314087479698,0,0,0,0,0,kanan
4,249.892,250.888,-130344323.38289826,1622786699.1288552,2.633436670869525e+18,0.1434827842108262,-0.2567548933363439,2.633436670869525e+18,0.3822844137185019,1.2140198351339409,0,0,0,0,0,130344323.38289824,1622786699.1288552,2.633436670869525e+18,-0.1434827842108263,-0.2567548933363439,2.633436670869525e+18,0.3822844137185019,1.2140198351339409,0,0,0,0,0,kanan
4,250.892,251.888,207736730.47627705,1693396733.9962385,2.867592498709127e+18,-0.3117677241765822,-0.282839840894884,2.867592498709127e+18,0.3325120880844955,1.2779773976582602,0,0,0,0,0,-207736730.47627696,1693396733.9962385,2.867592498709127e+18,0.3117677241765821,-0.282839840894884,2.867592498709127e+18,0.3325120880844955,1.2779773976582602,0,0,0,0,0,kanan
4,251.892,317.884,-92319421.60421462,1755047779.4213378,3.080192708051769e+18,-0.5104735917525448,-0.0643221547202208,3.080192708051769e+18,0.3157853887418385,1.9059938544116255,0,0,0,0,0,92319421.6042146,1755047779.4213378,3.080192708051769e+18,0.5104735917525448,-0.0643221547202208,3.080192708051769e+18,0.3157853887418385,1.9059938544116255,0,0,0,0,0,kanan
5,317.888,318.884,-167677611.2976528,1848593755.1611092,3.417298871620652e+18,-0.1257811574673796,-0.5555723438569315,3.417298871620652e+18,0.3010515820324773,1.3690711084062113,0,0,0,0,0,167677611.2976528,1848593755.1611092,3.417298871620652e+18,0.1257811574673796,-0.5555723438569315,3.417298871620652e+18,0.3010515820324773,1.3690711084062113,0,0,0,0,0,kanan
5,318.888,319.884,43529225.13383216,2207229014.936279,4.871859924376576e+18,-0.4880872900505108,0.287752710270504,4.871859924376576e+18,0.2821519691143788,1.491522763754881,0,0,0,0,0,-43529225.13383212,2207229014.936279,4.871859924376576e+18,0.4880872900505107,0.287752710270504,4.871859924376576e+18,0.2821519691143787,1.4915227637548814,0,0,0,0,0,kanan
5,319.888,320.884,155688561.98601073,1721884053.6246724,2.964884694126933e+18,-0.3753459012820754,-0.5771496018465032,2.964884694126933e+18,0.2988395473475782,1.4608133063444588,0,0,0,0,0,-155688561.98601076,1721884053.6246724,2.964884694126933e+18,0.3753459012820754,-0.5771496018465037,2.964884694126933e+18,0.2988395473475782,1.4608133063444588,0,0,0,0,0,kanan
5,320.888,321.884,-150100512.46295482,1695213934.4445388,2.873750283534933e+18,-0.1946344235537,-0.321004101507365,2.873750283534933e+18,0.3388720335465602,1.190586346737021,0,0,0,0,0,150100512.46295488,1695213934.4445388,2.873750283534933e+18,0.1946344235536999,-0.3210041015073659,2.873750283534933e+18,0.3388720335465602,1.190586346737021,0,0,0,0,0,kanan
5,321.888,322.884,144796120.02787694,1965009666.166196,3.861262988126585e+18,0.3049320920733104,0.6863580397529718,3.861262988126585e+18,0.3201109740918183,1.240513478906236,0,0,0,0,0,-144796120.02787694,1965009666.166196,3.861262988126585e+18,-0.3049320920733105,0.6863580397529718,3.861262988126585e+18,0.3201109740918183,1.240513478906236,0,0,0,0,0,kanan
5,322.888,323.884,-99516511.91096362,1675981596.3775575,2.8089143113962665e+18,0.1591804279823684,-0.0010194564155252,2.8089143113962665e+18,0.3091242733579006,1.2105584792623976,0,0,0,0,0,99516511.91096362,1675981596.3775575,2.8089143113962665e+18,-0.1591804279823684,-0.0010194564155252,2.8089143113962665e+18,0.3091242733579006,1.2105584792623971,0,0,0,0,0,kanan
