subject,loop,start_time,end_time,EXG0_mean,EXG0_std,EXG0_var,EXG0_skew,EXG0_kurtosis,EXG0_hjorth_activity,EXG0_hjorth_mobility,EXG0_hjorth_complexity,EXG0_delta,EXG0_theta,EXG0_alpha,EXG0_beta,EXG0_gamma,EXG1_mean,EXG1_std,EXG1_var,EXG1_skew,EXG1_kurtosis,EXG1_hjorth_activity,EXG1_hjorth_mobility,EXG1_hjorth_complexity,EXG1_delta,EXG1_theta,EXG1_alpha,EXG1_beta,EXG1_gamma,label
fahri,1,12.0,12.996,829755.5538595152,2708083.886297392,7333718335223.586,0.15877337637865485,-0.9311772524536392,7333718335223.586,0.17067915729718539,2.4983275332040935,1128562820320.6204,125117765492.31413,87119268251.73738,45759356178.33114,18027.54427853806,-829755.5538595156,2708083.886297392,7333718335223.586,-0.15877337637865443,-0.9311772524536392,7333718335223.586,0.17067915729718536,2.498327533204095,1128562820320.62,125117765492.31406,87119268251.73735,45759356178.33112,18027.544278532354,belakang
fahri,1,13.0,13.996,-677740.1289085201,2047957.2146304597,4194128752956.95,0.31015519899048805,-0.346602792326157,4194128752956.95,0.27571181861971233,1.6121877411523324,594708068649.9519,9818410722.538067,73042763699.5869,80300374973.66798,14664.462319471837,677740.1289085202,2047957.2146304597,4194128752956.95,-0.3101551989904881,-0.346602792326157,4194128752956.95,0.27571181861971233,1.6121877411523324,594708068649.9519,9818410722.538065,73042763699.58691,80300374973.66798,14664.462319475228,belakang
fahri,1,14.0,14.996,-218439.7353117401,2688584.1655107685,7228484815035.236,0.07826215085174253,-0.462119012731947,7228484815035.236,0.22315019823285837,1.808121184723197,1215254389580.0156,145223935311.1338,97102315116.86493,128349378931.22653,16248.477109948928,218439.73531174005,2688584.1655107685,7228484815035.236,-0.07826215085174242,-0.462119012731947,7228484815035.236,0.22315019823285837,1.808121184723197,1215254389580.0159,145223935311.1338,97102315116.86497,128349378931.22656,16248.477109947264,belakang
fahri,1,15.0,15.996,-28903.62024007821,2945182.196845515,8674098172615.774,0.4507921310663931,-0.021834701332326567,8674098172615.774,0.1688322227581573,2.269203974674173,1595788786507.572,338523858936.6132,79339628078.13203,57516934456.821434,10261.388668669144,28903.62024007833,2945182.196845515,8674098172615.774,-0.45079213106639304,-0.021834701332326567,8674098172615.774,0.1688322227581573,2.269203974674173,1595788786507.572,338523858936.6132,79339628078.13203,57516934456.82142,10261.388668668435,belakang
fahri,1,16.0,16.996000000000002,-1332484.9953972488,3532785.577134893,12480573934012.316,-0.24822949075108458,-0.45509923257977025,12480573934012.316,0.1727267518880927,2.2020154223333424,1296506851315.4202,225198524407.74887,219140155994.81842,57730060586.88507,12585.935626907934,1332484.9953972483,3532785.577134893,12480573934012.316,0.24822949075108514,-0.45509923257976936,12480573934012.316,0.1727267518880927,2.202015422333342,1296506851315.4202,225198524407.74887,219140155994.81842,57730060586.88509,12585.935626916425,belakang
fahri,1,17.0,17.996000000000002,73405.33607616139,6891026.840553435,47486250917227.85,0.033659754027611156,-1.431707572991406,47486250917227.85,0.0680890007182179,4.875992699472482,5936820521678.522,267839767192.9269,213226406670.82135,51154178421.28545,16107.985692453605,-73405.33607616091,6891026.840553435,47486250917227.85,-0.03365975402761126,-1.431707572991406,47486250917227.85,0.06808900071821791,4.875992699472484,5936820521678.522,267839767192.92694,213226406670.8213,51154178421.28544,16107.985692444092,belakang
fahri,1,18.0,18.996,2707422.84558969,3422075.6665767957,11710601867777.02,-0.12053244558708737,-1.1026575558689387,11710601867777.02,0.13872157877759744,2.599103676316375,2105216842900.1602,181338693335.255,82741140712.84402,51644002982.358345,19996.69657624686,-2707422.84558969,3422075.6665767953,11710601867777.018,0.12053244558708719,-1.1026575558689384,11710601867777.018,0.13872157877759742,2.599103676316376,2105216842900.1597,181338693335.25497,82741140712.84404,51644002982.35832,19996.6965762513,belakang
fahri,1,19.0,84.992,-601622.6731864405,2002959.426968119,4011846466080.456,-0.08436472655963889,0.32232984209198356,4011846466080.456,0.2413233026971485,3.093946247075644,205834754827.92328,193064804055.2476,30398612595.565117,21089918138.388462,6137.2992240915155,601622.6731864405,2002959.426968119,4011846466080.456,0.08436472655963916,0.32232984209198356,4011846466080.456,0.24132330269714847,3.093946247075644,205834754827.92328,193064804055.2476,30398612595.565117,21089918138.38846,6137.299224090002,belakang
fahri,2,84.996,85.992,-3135639.1838668007,2987126.1934070694,8922922895338.61,-0.1906342765964174,-0.27315521506787466,8922922895338.61,0.16686813108685752,2.1461436943698198,1144613416996.3481,176310308761.77814,195378337158.28094,69044543197.83252,8648.310984628642,3135639.1838668003,2987126.1934070694,8922922895338.61,0.19063427659641774,-0.2731552150678742,8922922895338.61,0.16686813108685752,2.1461436943698198,1144613416996.3484,176310308761.77814,195378337158.281,69044543197.83255,8648.3109846318,belakang
fahri,2,85.996,86.992,4031570.478682136,3023060.907703698,9138897251686.309,-0.10593611827800417,-1.0048127272038536,9138897251686.309,0.19535926670225903,2.1038017181833526,1375367833811.3855,129464130355.47261,161171477156.444,49727013333.17044,6228.185278220932,-4031570.478682136,3023060.907703698,9138897251686.309,0.10593611827800409,-1.0048127272038536,9138897251686.309,0.19535926670225903,2.1038017181833526,1375367833811.3855,129464130355.47263,161171477156.44403,49727013333.17044,6228.18527822401,belakang
fahri,2,86.996,87.992,-269454.91049610625,1875170.5118382738,3516264448467.8135,0.11287343307818742,0.5925153802564105,3516264448467.8135,0.2593202890514369,1.4465603100132305,152806099149.6815,76031106756.28387,22344315125.76706,60449045774.24288,3442.326603197691,269454.91049610614,1875170.5118382738,3516264448467.8135,-0.11287343307818704,0.5925153802564105,3516264448467.8135,0.2593202890514369,1.4465603100132305,152806099149.68146,76031106756.28384,22344315125.76704,60449045774.242935,3442.326603199212,belakang
fahri,2,87.996,88.992,-1102838.408665229,2701867.0407903926,7300085506109.432,-0.8272862179807651,0.5717993545083315,7300085506109.432,0.19889795090517604,1.94511634971817,686716091532.5165,113160327965.19003,100103987335.75018,101157637461.79984,6142.99537300556,1102838.4086652293,2701867.0407903926,7300085506109.432,0.8272862179807644,0.5717993545083315,7300085506109.432,0.198897950905176,1.9451163497181705,686716091532.5162,113160327965.18999,100103987335.75015,101157637461.7998,6142.995373007387,belakang
fahri,2,88.996,89.992,-508282.100848863,1507451.0078071202,2272408540938.702,-0.1659425680443754,-0.009412667853528678,2272408540938.702,0.3162125718192289,1.231987181573906,111089668463.40381,39123105190.04974,41173685248.09845,78537889134.35828,8763.92074166585,508282.1008488631,1507451.0078071202,2272408540938.702,0.16594256804437532,-0.00941266785352779,2272408540938.702,0.3162125718192289,1.2319871815739059,111089668463.40381,39123105190.04973,41173685248.09846,78537889134.35828,8763.920741664866,belakang
fahri,2,89.996,90.992,446894.21029973164,1836789.5773262277,3373795951374.262,0.20120229030747477,-0.14931655732263405,3373795951374.262,0.24861390902711838,1.6192407989443547,288535152773.9729,164379170155.73267,74256248024.28525,61678052819.89966,6992.4109998593785,-446894.21029973164,1836789.577326228,3373795951374.2627,-0.20120229030747497,-0.1493165573226345,3373795951374.2627,0.2486139090271184,1.619240798944355,288535152773.973,164379170155.7327,74256248024.28526,61678052819.89967,6992.410999861333,belakang
fahri,2,90.996,156.988,-26226.47825906518,1692609.908969753,2864928303942.595,-0.25552141145882473,-0.39674816605072527,2864928303942.595,0.31782122736059687,2.7174214198801256,127422923134.61035,119365058728.35661,105294729578.58174,60392293662.1961,9666.781660350047,26226.478259065123,1692609.9089697527,2864928303942.594,0.2555214114588246,-0.39674816605072216,2864928303942.594,0.3178212273605969,2.717421419880125,127422923134.61041,119365058728.35661,105294729578.58174,60392293662.196106,9666.78166034663,belakang
fahri,3,156.992,157.988,345843.1887239301,1864636.8026108174,3476870405650.692,0.03095613282613909,-0.6785122941972936,3476870405650.692,0.2358454720767225,1.695235128291675,113836150203.35803,305421241060.0117,148851982092.49622,64228116902.30313,7142.723488146314,-345843.18872393016,1864636.8026108174,3476870405650.692,-0.030956132826139245,-0.6785122941972941,3476870405650.692,0.2358454720767225,1.695235128291675,113836150203.35806,305421241060.01166,148851982092.49612,64228116902.30312,7142.723488142337,belakang
fahri,3,157.992,158.988,-696512.7347948625,1911687.7637823897,3654550106195.314,0.37847476506004646,-0.0033009953393818847,3654550106195.314,0.20725313379098445,1.8521834616310933,252224903724.25757,123472606586.56348,107146591767.9058,60627964689.430534,4695.911089047602,696512.7347948627,1911687.7637823897,3654550106195.3135,-0.37847476506004674,-0.0033009953393814406,3654550106195.3135,0.20725313379098445,1.8521834616310935,252224903724.25757,123472606586.56348,107146591767.9058,60627964689.43055,4695.911089047524,belakang
fahri,3,158.992,159.988,471991.7478194653,1917310.9985182553,3676081465039.069,0.24725633747602693,-0.5328310215109529,3676081465039.069,0.23740243873914807,1.4764960501318292,250675147235.23587,488660619573.7975,91035557849.31343,58318789546.95298,3420.549085948367,-471991.74781946524,1917310.9985182553,3676081465039.069,-0.2472563374760271,-0.5328310215109524,3676081465039.069,0.23740243873914807,1.4764960501318292,250675147235.23596,488660619573.7975,91035557849.31342,58318789546.952995,3420.549085949274,belakang
fahri,3,159.992,160.988,1661570.877607701,2895273.595449029,8382609192504.349,0.056001404726221546,-0.7767571534524871,8382609192504.349,0.13750728247804192,2.554856441877239,524711291240.71497,224322063912.3143,224915704745.1895,30951685375.84624,6210.981580158565,-1661570.877607701,2895273.595449029,8382609192504.347,-0.05600140472622148,-0.7767571534524862,8382609192504.347,0.1375072824780419,2.5548564418772393,524711291240.7149,224322063912.31406,224915704745.18927,30951685375.846203,6210.981580151236,belakang
fahri,3,160.992,161.988,-1455199.1058540365,1927373.624078356,3714769086792.936,-0.32534936281376337,-0.3677633704166423,3714769086792.936,0.2887584284784929,1.444079913164575,281038186404.24786,145938126208.91644,60743867763.50449,77082669306.56548,15665.08736152657,1455199.1058540368,1927373.624078356,3714769086792.936,0.32534936281376314,-0.367763370416641,3714769086792.936,0.288758428478493,1.4440799131645745,281038186404.2478,145938126208.91644,60743867763.504456,77082669306.56554,15665.087361522235,belakang
fahri,3,161.992,162.988,568031.2996926778,2352915.7366112405,5536212463592.816,0.055861775974533734,-0.7201259981895474,5536212463592.816,0.19782386400660248,1.8535544713663434,375358516164.8415,241742732484.05206,226890352818.71988,63872148293.77822,4429.220554766184,-568031.2996926778,2352915.7366112405,5536212463592.817,-0.05586177597453373,-0.7201259981895483,5536212463592.817,0.19782386400660248,1.8535544713663437,375358516164.84143,241742732484.052,226890352818.71997,63872148293.77822,4429.220554767673,belakang
fahri,3,162.992,228.984,1057807.3003591364,2211268.0731955697,4889706491534.048,-0.15249850700458586,0.22761847499511667,4889706491534.048,0.20067913457589787,3.2463042047351323,177890178951.3255,292057496904.951,19878891612.502365,43674245501.48644,6152.73445931724,-1057807.3003591364,2211268.0731955697,4889706491534.048,0.15249850700458617,0.22761847499511623,4889706491534.048,0.20067913457589787,3.246304204735132,177890178951.32547,292057496904.95087,19878891612.502365,43674245501.48645,6152.734459316257,belakang
fahri,4,228.988,229.984,312929.9920073864,2440428.935571518,5955693389574.73,0.549170052492264,0.35947929091317254,5955693389574.73,0.20362985579407752,1.7015981877203818,1373370944061.8281,623914774220.1488,134895865951.54483,119575321967.54083,5914.830382941536,-312929.99200738635,2440428.935571518,5955693389574.73,-0.5491700524922644,0.35947929091317343,5955693389574.73,0.20362985579407752,1.7015981877203823,1373370944061.8281,623914774220.1488,134895865951.5448,119575321967.54083,5914.830382937676,belakang
fahri,4,229.988,230.984,1526201.618677653,3920538.854402047,15370624908876.115,-0.7142951483642027,-0.621512987438058,15370624908876.115,0.14434384659788457,2.667508446467862,1359178632816.9768,320264780748.58875,199940469945.11157,71212130312.70715,5603.124338527041,-1526201.618677653,3920538.854402047,15370624908876.115,0.7142951483642028,-0.621512987438058,15370624908876.115,0.14434384659788457,2.6675084464678616,1359178632816.9768,320264780748.5888,199940469945.1116,71212130312.70714,5603.124338523154,belakang
fahri,4,230.988,231.984,-4727652.369325058,2416224.4274887526,5838140483993.35,0.02023877918247117,-0.22325914881357445,5838140483993.35,0.20169558082018194,2.0512785396976136,553763277829.5815,258283638870.74713,78475320337.41191,56134127945.74675,5427.271117446226,4727652.369325058,2416224.427488752,5838140483993.349,-0.020238779182471096,-0.2232591488135749,5838140483993.349,0.20169558082018194,2.0512785396976136,553763277829.5813,258283638870.74713,78475320337.4119,56134127945.74675,5427.271117450509,belakang
fahri,4,231.988,232.984,1260153.6492159057,7525176.14163948,56628275962700.055,-0.7089150349126243,-1.059057205835844,56628275962700.055,0.06027571611959963,5.822561711014139,4976179943073.279,460296177632.1172,85492457678.13278,48469365237.53055,4748.839482360204,-1260153.6492159048,7525176.14163948,56628275962700.06,0.7089150349126245,-1.0590572058358436,56628275962700.06,0.06027571611959961,5.822561711014137,4976179943073.281,460296177632.1173,85492457678.13277,48469365237.53051,4748.839482356056,belakang
fahri,4,232.988,233.984,3547925.7920140116,3026610.1549976394,9160369030334.836,-0.16766492000579625,-0.9697515056389978,9160369030334.836,0.1380061318339785,2.5184524904814034,1714426944239.3914,174454222405.5139,241961452423.4457,42159462878.51509,7349.338845594613,-3547925.7920140116,3026610.15499764,9160369030334.838,0.16766492000579594,-0.9697515056389978,9160369030334.838,0.1380061318339785,2.5184524904814034,1714426944239.3914,174454222405.51392,241961452423.4457,42159462878.515076,7349.338845598362,belakang
fahri,4,233.988,234.984,33353.23064152241,7601558.162334227,57783686495350.11,0.03199687887836338,-1.6402664154062987,57783686495350.11,0.07252569652847601,5.433661002006137,8266524413121.25,630910804834.1481,121381603420.20312,75979910647.05757,23544.06009739415,-33353.23064152241,7601558.162334226,57783686495350.09,-0.031996878878363395,-1.6402664154062983,57783686495350.09,0.07252569652847601,5.433661002006136,8266524413121.247,630910804834.1478,121381603420.20328,75979910647.05756,23544.060097371283,belakang
fahri,4,234.988,300.98,384006.8747165887,2303022.7878537457,5303913961373.64,-0.42093827406934686,0.3195008365748939,5303913961373.64,0.2816211407721377,3.3949898155032256,637038054696.1716,316535699336.71106,288231745130.4777,56567772913.623055,16895.742108150036,-384006.87471658876,2303022.7878537457,5303913961373.64,0.420938274069347,0.3195008365748939,5303913961373.64,0.2816211407721377,3.394989815503226,637038054696.1714,316535699336.711,288231745130.47766,56567772913.62305,16895.742108152066,belakang
fahri,5,300.984,301.98,50093.66921725456,1758941.7096183863,3093875937835.252,-0.060093215781874314,-0.22104325196162478,3093875937835.252,0.28532123099874823,1.388333748822255,177978845305.77542,38715686269.91766,122083105485.63754,61270106368.91367,5515.929653881645,-50093.66921725446,1758941.7096183863,3093875937835.252,0.060093215781874404,-0.22104325196162478,3093875937835.252,0.28532123099874823,1.3883337488222547,177978845305.77536,38715686269.91765,122083105485.63754,61270106368.91367,5515.929653879376,belakang
fahri,5,301.984,302.98,-1723867.5437199287,2259279.2088928563,5104342543735.53,-0.46656296855924156,-0.41111100944207735,5104342543735.53,0.20722286390463782,2.096558556098438,542517906378.7284,113310145351.88657,101356700234.15129,72169427866.68909,11640.78613089482,1723867.5437199287,2259279.208892856,5104342543735.529,0.46656296855924184,-0.41111100944207735,5104342543735.529,0.20722286390463784,2.0965585560984374,542517906378.7283,113310145351.88657,101356700234.15126,72169427866.68907,11640.786130892857,belakang
fahri,5,302.984,303.98,257121.93446517945,4195791.656403254,17604667623943.16,-0.4088819257193684,-1.1439397832769198,17604667623943.16,0.08918906147310629,4.014871630144671,2077822099001.5796,147541728196.88553,204559033024.80093,24776588545.425087,9464.979627085562,-257121.93446517945,4195791.656403254,17604667623943.16,0.4088819257193684,-1.14393978327692,17604667623943.16,0.08918906147310628,4.014871630144668,2077822099001.5798,147541728196.88544,204559033024.80103,24776588545.4251,9464.979627087352,belakang
fahri,5,303.984,304.98,2280222.808832806,2432374.2018249133,5916444257703.384,-0.4877899730494027,0.4361974552432737,5916444257703.384,0.2117663200981501,1.669583971532255,648314788295.5563,1155186481095.1392,205673003234.6131,65340734814.790825,4810.203771500906,-2280222.8088328065,2432374.2018249133,5916444257703.384,0.4877899730494032,0.4361974552432746,5916444257703.384,0.2117663200981501,1.669583971532255,648314788295.5563,1155186481095.139,205673003234.61304,65340734814.79081,4810.203771501492,belakang
fahri,5,304.984,305.98,-855277.5124147772,2291143.6473883986,5249339212968.215,0.3626697855395317,-0.7129986687017973,5249339212968.215,0.22739061737414845,1.8573586623809033,377235902738.65393,167633392127.01147,80662940652.44942,75960228654.58734,11473.292150447787,855277.5124147772,2291143.6473883986,5249339212968.216,-0.36266978553953194,-0.7129986687017977,5249339212968.216,0.22739061737414845,1.8573586623809033,377235902738.65393,167633392127.01144,80662940652.44946,75960228654.58737,11473.292150445404,belakang
fahri,5,305.984,306.98,-1148248.5114975993,1595266.3610707854,2544874762764.026,0.30131125364457106,-0.08752326280269296,2544874762764.026,0.2707496699064893,1.4713914696888037,210106155312.7577,43178463820.75995,92902530402.14749,41694163109.45441,4816.654344125242,1148248.5114975993,1595266.3610707854,2544874762764.026,-0.30131125364457095,-0.08752326280269296,2544874762764.026,0.27074966990648924,1.471391469688804,210106155312.7577,43178463820.75993,92902530402.14749,41694163109.45442,4816.65434412515,belakang
fahri,5,306.984,12.976,-148433753.25347167,1579498994.5876305,2.494817073903336e+18,0.765684443995295,0.9771367907437485,2.494817073903336e+18,0.34156846376990796,1.5168884446665811,1.0694529333990475e+17,6.161809336411845e+16,1.0189439848137054e+17,7.0857743610385096e+16,26675808910.084072,148433753.25347167,1579498994.5876305,2.494817073903336e+18,-0.765684443995295,0.9771367907437494,2.494817073903336e+18,0.34156846376990796,1.5168884446665811,1.0694529333990475e+17,6.161809336411845e+16,1.0189439848137054e+17,7.0857743610385096e+16,26675808910.08233,belakang
sultan,1,12.98,13.976,215247794.31924814,1755466466.3416154,3.0816625144499185e+18,0.3931582391448921,-0.19329432691271498,3.0816625144499185e+18,0.32668761240670174,1.2325552323596436,2.4858476459669724e+16,7.015303233233156e+16,4.893482157959054e+16,1.1519757191776384e+17,29320199814.760628,-215247794.31924817,1755466466.3416154,3.0816625144499185e+18,-0.3931582391448923,-0.19329432691271498,3.0816625144499185e+18,0.32668761240670174,1.2325552323596434,2.485847645966973e+16,7.015303233233157e+16,4.893482157959053e+16,1.1519757191776389e+17,29320199814.758446,belakang
sultan,1,13.98,14.976,-199793253.531371,1682129211.9909964,2.8295586858334505e+18,0.38092177660457954,0.5677311640854534,2.8295586858334505e+18,0.2868078969392313,1.5044041604687137,8.940367122183715e+16,2.5652394783979e+17,7.117361980853423e+16,5.831416247363846e+16,41092791572.61667,199793253.531371,1682129211.9909964,2.8295586858334505e+18,-0.3809217766045795,0.5677311640854534,2.8295586858334505e+18,0.2868078969392313,1.504404160468714,8.940367122183714e+16,2.5652394783978998e+17,7.117361980853423e+16,5.831416247363846e+16,41092791572.620964,belakang
sultan,1,14.98,15.976,63708117.262320615,1501696981.3142107,2.2550938236882125e+18,0.3795946174595289,-0.0990490367189949,2.2550938236882125e+18,0.2996704442095442,1.3899259916548223,2.1403306453056112e+17,1.3973951266226998e+17,9.259437317537998e+16,3.1141063731465828e+16,50057295744.071594,-63708117.26232063,1501696981.3142107,2.2550938236882125e+18,-0.3795946174595289,-0.0990490367189949,2.2550938236882125e+18,0.29967044420954414,1.3899259916548228,2.140330645305611e+17,1.3973951266226995e+17,9.259437317537998e+16,3.1141063731465836e+16,50057295744.07182,belakang
sultan,1,15.98,16.976,-74206649.38543975,1788713023.8860223,3.1994942818194775e+18,0.9878012084160203,1.1132764323076563,3.1994942818194775e+18,0.3240669671107562,1.3022443990529977,1.0944087024963222e+17,1.3107295634695523e+17,9.10190921716895e+16,7.79185691363587e+16,30126068537.820328,74206649.38543972,1788713023.8860223,3.1994942818194775e+18,-0.9878012084160203,1.1132764323076572,3.1994942818194775e+18,0.32406696711075617,1.3022443990529982,1.0944087024963226e+17,1.3107295634695523e+17,9.101909217168952e+16,7.79185691363587e+16,30126068537.820892,belakang
sultan,1,16.98,17.976,89981366.18231134,2410891424.8785853,5.812397462553096e+18,0.3106588367726737,0.4782526492693675,5.812397462553096e+18,0.33168022578421275,1.2827854008866684,1.23043470243699e+17,2.4601976782301405e+17,3.9983354221878995e+17,1.809813489199155e+17,48126642829.67883,-89981366.1823113,2410891424.8785853,5.812397462553095e+18,-0.310658836772674,0.4782526492693684,5.812397462553095e+18,0.33168022578421275,1.2827854008866684,1.2304347024369899e+17,2.4601976782301398e+17,3.9983354221879e+17,1.8098134891991542e+17,48126642829.6814,belakang
sultan,1,17.98,18.976,-142459149.07509688,1562766626.609123,2.4422395292432584e+18,0.4857583583139178,-0.08398221803372419,2.4422395292432584e+18,0.30593147654339936,1.2395888147711123,1.0392175776480051e+17,4.6850057895878376e+16,6.67477029714688e+16,6.1088880093657304e+16,37961322955.05772,142459149.07509688,1562766626.609123,2.4422395292432584e+18,-0.4857583583139176,-0.08398221803372419,2.4422395292432584e+18,0.3059314765433993,1.2395888147711125,1.0392175776480051e+17,4.685005789587838e+16,6.67477029714688e+16,6.108888009365729e+16,37961322955.05597,belakang
sultan,1,18.98,84.972,83848823.01002671,1577957593.4088042,2.489950166596505e+18,0.4936137157944264,0.30963486666821183,2.489950166596505e+18,0.3882518130050498,1.5218588580862922,7.418599637911104e+16,1.560244235797113e+17,8.899814364228482e+16,1.1860345816780974e+17,47907940386.99408,-83848823.01002674,1577957593.408804,2.4899501665965046e+18,-0.4936137157944269,0.30963486666821316,2.4899501665965046e+18,0.38825181300504985,1.521858858086291,7.418599637911104e+16,1.560244235797113e+17,8.899814364228482e+16,1.1860345816780974e+17,47907940386.994255,belakang
sultan,2,84.976,85.972,84516938.2850393,1451675170.546488,2.1073608007811753e+18,0.7329941679033893,0.10740636225460598,2.1073608007811753e+18,0.28948035637255487,1.3366527226905651,2.504901184235056e+16,3.477570676318627e+16,1.0581466191132843e+17,3.849077233361628e+16,38328432024.18941,-84516938.28503928,1451675170.546488,2.1073608007811753e+18,-0.7329941679033893,0.10740636225460598,2.1073608007811753e+18,0.28948035637255487,1.3366527226905651,2.504901184235056e+16,3.4775706763186264e+16,1.0581466191132845e+17,3.849077233361629e+16,38328432024.19155,belakang
sultan,2,85.976,86.972,-46186179.061439045,1849288520.4401696,3.4198680318317916e+18,0.2572504648204646,-0.7323307729037425,3.4198680318317916e+18,0.34820843593856077,1.2103619259127145,1.4663499730515366e+17,9.009013927984275e+16,9.400267077671203e+16,1.1881436597207104e+17,30541856222.656765,46186179.06143903,1849288520.4401696,3.4198680318317916e+18,-0.2572504648204647,-0.7323307729037425,3.4198680318317916e+18,0.34820843593856077,1.2103619259127147,1.466349973051537e+17,9.009013927984277e+16,9.400267077671202e+16,1.1881436597207106e+17,30541856222.659058,belakang
sultan,2,86.976,87.972,1774343.0149939423,1348267127.824166,1.817824247971226e+18,-0.02876744167121091,-0.22823244835032552,1.817824247971226e+18,0.33424152613378183,1.3084791576814687,1.2160305501346672e+17,1.0607551622789368e+17,2.9125082848083436e+16,4.3043221412984184e+16,35078051633.785965,-1774343.0149939498,1348267127.824166,1.817824247971226e+18,0.028767441671210883,-0.22823244835032552,1.817824247971226e+18,0.33424152613378183,1.3084791576814687,1.2160305501346669e+17,1.0607551622789366e+17,2.912508284808343e+16,4.304322141298419e+16,35078051633.78486,belakang
sultan,2,87.976,88.972,-40034479.74028653,1390200806.9334939,1.9326582835985372e+18,-0.3417076462083039,0.8868490461513288,1.9326582835985372e+18,0.3324645011011373,1.3262310608748202,1.0978679404299635e+17,1.9288213851662998e+17,1.4636351307687098e+17,4.848622538155194e+16,67903986978.41289,40034479.740286514,1390200806.9334939,1.9326582835985375e+18,0.34170764620830385,0.8868490461513283,1.9326582835985375e+18,0.33246450110113723,1.3262310608748205,1.0978679404299635e+17,1.9288213851662998e+17,1.4636351307687098e+17,4.848622538155194e+16,67903986978.41472,belakang
sultan,2,88.976,89.972,-3248713.320048691,1526513238.0831883,2.3302426660432205e+18,0.5459032939491514,0.14417244805597473,2.3302426660432205e+18,0.3249490983790842,1.3129233412895436,2.536918631044563e+16,9.721819878304278e+16,8.315262524760122e+16,7.262533936492984e+16,36833316515.43559,3248713.3200486605,1526513238.0831883,2.3302426660432205e+18,-0.5459032939491513,0.14417244805597473,2.3302426660432205e+18,0.3249490983790842,1.3129233412895436,2.536918631044564e+16,9.721819878304277e+16,8.315262524760123e+16,7.262533936492984e+16,36833316515.43384,belakang
sultan,2,89.976,90.972,5813580.05530513,1435008958.422737,2.0592507107535084e+18,0.7451047256438512,0.6257366215242053,2.0592507107535084e+18,0.3378849352526797,1.2595147718262925,6.129656246175568e+16,4.8090539158627224e+16,4.897092237243109e+16,3.517522123065906e+16,29112853570.743614,-5813580.055305146,1435008958.4227371,2.0592507107535086e+18,-0.7451047256438511,0.6257366215242048,2.0592507107535086e+18,0.3378849352526797,1.2595147718262925,6.129656246175568e+16,4.809053915862722e+16,4.897092237243109e+16,3.5175221230659052e+16,29112853570.742863,belakang
sultan,2,90.976,156.968,55987516.524598435,1334465746.0898502,1.7807988274871404e+18,0.6389814483589951,-0.42514859501317703,1.7807988274871404e+18,0.4049924200532402,2.364521639643454,2.0092110589226784e+16,7.90422441031464e+16,5.840336479540448e+16,5.711672436339821e+16,171486160993.4782,-55987516.52459841,1334465746.08985,1.7807988274871398e+18,-0.6389814483589954,-0.42514859501317614,1.7807988274871398e+18,0.40499242005324027,2.364521639643453,2.0092110589226788e+16,7.904224410314637e+16,5.840336479540446e+16,5.711672436339821e+16,171486160993.4745,belakang
sultan,3,156.972,157.968,-115809989.4338369,1335530499.3681667,1.7836417147425846e+18,0.3529783915607459,-0.5383209768687962,1.7836417147425846e+18,0.34802735787290545,1.3176464760801248,8.751691297666187e+16,3.402322869365353e+16,7.656743814891722e+16,5.533485796281919e+16,28622936830.44888,115809989.43383689,1335530499.3681667,1.7836417147425846e+18,-0.3529783915607459,-0.5383209768687962,1.7836417147425846e+18,0.34802735787290545,1.3176464760801248,8.751691297666186e+16,3.4023228693653536e+16,7.656743814891722e+16,5.533485796281919e+16,28622936830.449326,belakang
sultan,3,157.972,158.968,67579031.98989658,1507059775.0243058,2.271229165496311e+18,0.36169408218810956,-0.7165951917028743,2.271229165496311e+18,0.34350862383781733,1.2915669827576814,7.29655804971191e+16,9.155966572865589e+16,1.4381260354162467e+17,8.818427256078202e+16,26001203973.62356,-67579031.98989657,1507059775.0243058,2.271229165496311e+18,-0.3616940821881095,-0.7165951917028743,2.271229165496311e+18,0.34350862383781733,1.291566982757681,7.29655804971191e+16,9.155966572865589e+16,1.4381260354162466e+17,8.818427256078202e+16,26001203973.61845,belakang
sultan,3,158.972,159.968,43907816.08770876,1385706775.1281922,1.920183266636174e+18,0.21823749334187728,-0.5564290838861332,1.920183266636174e+18,0.35281665393312756,1.2360465922753054,4.513405599691043e+16,7.055457802237675e+16,1.8122456670982344e+16,5.3039696587269864e+16,25561707999.938995,-43907816.087708734,1385706775.1281922,1.920183266636174e+18,-0.21823749334187728,-0.5564290838861332,1.920183266636174e+18,0.35281665393312756,1.2360465922753054,4.513405599691043e+16,7.055457802237677e+16,1.8122456670982344e+16,5.3039696587269864e+16,25561707999.940613,belakang
sultan,3,159.972,160.968,-41883967.7371441,1815849595.6762443,3.29730975411758e+18,1.2932583039388807,2.7650569140092456,3.29730975411758e+18,0.3279936191260803,1.358186008526937,8.910299427552202e+16,1.5240324538361962e+17,6.134759207756418e+16,8.644728756140014e+16,69462885254.90994,41883967.73714409,1815849595.6762443,3.29730975411758e+18,-1.293258303938881,2.7650569140092465,3.29730975411758e+18,0.3279936191260803,1.358186008526937,8.910299427552203e+16,1.5240324538361965e+17,6.134759207756416e+16,8.644728756140014e+16,69462885254.90948,belakang
sultan,3,160.972,161.968,-63486953.86754448,1725230841.1132417,2.976421455128303e+18,-0.05476581614787835,-0.590202864485835,2.976421455128303e+18,0.3670042482358788,1.2070713275783085,7.694283150034558e+16,1.3609199908877112e+17,1.2247692862919483e+17,1.1788142623476859e+17,73128871638.4015,63486953.867544465,1725230841.1132417,2.976421455128303e+18,0.05476581614787838,-0.590202864485835,2.976421455128303e+18,0.3670042482358788,1.2070713275783085,7.69428315003456e+16,1.3609199908877112e+17,1.224769286291948e+17,1.1788142623476859e+17,73128871638.40173,belakang
sultan,3,161.972,162.968,-55057486.4106492,1874950562.7180815,3.51543961263685e+18,0.9378923634054951,0.5068383759799571,3.51543961263685e+18,0.2913700161714824,1.3741153975292133,1.0227426565144994e+17,1.498077002554775e+17,2.4785206208598854e+17,7.225928701808003e+16,29039008216.990917,55057486.41064917,1874950562.7180815,3.51543961263685e+18,-0.9378923634054951,0.5068383759799575,3.51543961263685e+18,0.29137001617148234,1.3741153975292135,1.0227426565144997e+17,1.498077002554775e+17,2.4785206208598854e+17,7.225928701808003e+16,29039008216.991817,belakang
sultan,3,162.972,228.964,-19281861.935120188,1754889463.673608,3.079637029712644e+18,0.7545774849624888,0.7297067570870128,3.079637029712644e+18,0.34165140911203445,1.3046091570796876,7.333171444429325e+16,1.1815891578173277e+17,5.758039066741607e+16,6.2048212446370344e+16,40121260467.95009,19281861.935120203,1754889463.673608,3.079637029712644e+18,-0.7545774849624887,0.7297067570870128,3.079637029712644e+18,0.34165140911203445,1.3046091570796876,7.333171444429325e+16,1.1815891578173278e+17,5.758039066741607e+16,6.2048212446370344e+16,40121260467.94542,belakang
sultan,4,228.968,229.964,97113021.99916126,1491848538.2629576,2.2256120611173233e+18,0.47577445536540475,-0.12952941646468918,2.2256120611173233e+18,0.29074297246594355,1.4081255615540906,7.020774924731395e+16,1.3006902588212592e+17,1.441229866980866e+17,5.389730623256143e+16,55469490591.04646,-97113021.99916126,1491848538.2629576,2.225612061117323e+18,-0.47577445536540475,-0.1295294164646883,2.225612061117323e+18,0.29074297246594355,1.4081255615540904,7.020774924731395e+16,1.3006902588212587e+17,1.441229866980866e+17,5.389730623256142e+16,55469490591.04913,belakang
sultan,4,229.968,230.964,-16460683.535988739,1361951400.2151353,1.8549116165479675e+18,0.38830558134650656,-0.3860287833367151,1.8549116165479675e+18,0.3398234029382723,1.2569212904685052,4.955916395951061e+16,8.559036006224181e+16,1.0355548148413365e+17,3.1907536200111468e+16,30182592909.63427,16460683.535988739,1361951400.2151353,1.8549116165479675e+18,-0.3883055813465066,-0.3860287833367151,1.8549116165479675e+18,0.3398234029382723,1.2569212904685052,4.955916395951061e+16,8.559036006224182e+16,1.0355548148413363e+17,3.1907536200111468e+16,30182592909.63265,belakang
sultan,4,230.968,231.964,-141908802.99462214,1488632111.9245708,2.216025564653008e+18,0.6147814823316391,0.5049158228577215,2.216025564653008e+18,0.3272684873012719,1.2492167260924185,7.18831015107131e+16,6.653645458943259e+16,1.837520509470632e+17,5.2138013146321496e+16,26212158584.952232,141908802.9946221,1488632111.9245708,2.216025564653008e+18,-0.614781482331639,0.5049158228577211,2.216025564653008e+18,0.3272684873012719,1.2492167260924187,7.1883101510713096e+16,6.653645458943258e+16,1.8375205094706314e+17,5.213801314632149e+16,26212158584.953396,belakang
sultan,4,231.968,232.964,146228858.00816837,1537347369.4917524,2.363436934483211e+18,0.2991634624672642,0.2506669847028711,2.363436934483211e+18,0.3231543676712247,1.2110516710077326,8.505067290151677e+16,1.5831905431073136e+17,3.0889138798320186e+17,1.0068675016104059e+17,28142664662.477966,-146228858.00816837,1537347369.4917524,2.363436934483211e+18,-0.2991634624672642,0.25066698470287063,2.363436934483211e+18,0.3231543676712247,1.2110516710077326,8.505067290151675e+16,1.5831905431073136e+17,3.0889138798320186e+17,1.0068675016104059e+17,28142664662.478962,belakang
sultan,4,232.968,233.964,-68930183.63384113,1453169350.9531279,2.1117011625495347e+18,1.1182420463907883,1.5412787407236515,2.1117011625495347e+18,0.3308878800475716,1.282869180042272,1.0830069749436726e+17,8.242291989366411e+16,3.2054622863588812e+16,5.826018021475352e+16,32638391891.65554,68930183.63384116,1453169350.9531279,2.1117011625495347e+18,-1.1182420463907883,1.5412787407236497,2.1117011625495347e+18,0.3308878800475716,1.2828691800422718,1.083006974943673e+17,8.242291989366411e+16,3.2054622863588812e+16,5.826018021475352e+16,32638391891.657097,belakang
sultan,4,233.968,234.964,80022916.41347384,1465223564.2886856,2.1468800933468398e+18,0.40420843377254123,-0.8758399288968444,2.1468800933468398e+18,0.3006428020492057,1.3603441523049524,1.2104922003079163e+17,2.5551604736350196e+16,1.2934103913858214e+17,5.1992951557113256e+16,47655941641.2854,-80022916.41347384,1465223564.2886856,2.1468800933468398e+18,-0.40420843377254123,-0.8758399288968439,2.1468800933468398e+18,0.3006428020492057,1.3603441523049524,1.2104922003079162e+17,2.555160473635019e+16,1.2934103913858214e+17,5.199295155711325e+16,47655941641.28388,belakang
sultan,4,234.968,300.96,-105345187.4873679,1032687922.957795,1.0664443462228849e+18,0.0021336705360490795,-0.8655143841315156,1.0664443462228849e+18,0.3358872803342786,1.4872575629653977,2.873202388330204e+16,5.649798419746431e+16,3.233607533049086e+16,1.5214640302635112e+16,37259955236.18605,105345187.48736791,1032687922.9577951,1.066444346222885e+18,-0.002133670536049032,-0.865514384131516,1.066444346222885e+18,0.33588728033427856,1.487257562965398,2.873202388330204e+16,5.64979841974643e+16,3.2336075330490868e+16,1.5214640302635116e+16,37259955236.186295,belakang
sultan,5,300.964,301.96,93174708.81876554,1396085542.5471182,1.949054842109081e+18,0.3407260987422018,-0.4089640782921151,1.949054842109081e+18,0.3211729486799199,1.365753404455669,1.2180642145708002e+17,1.363059355782975e+17,6.04115859926768e+16,3.194746639601154e+16,23749590117.29785,-93174708.81876554,1396085542.5471182,1.949054842109081e+18,-0.3407260987422017,-0.4089640782921151,1.949054842109081e+18,0.3211729486799199,1.365753404455669,1.2180642145708e+17,1.363059355782975e+17,6.041158599267682e+16,3.194746639601154e+16,23749590117.296837,belakang
sultan,5,301.964,302.96,-163555470.68965748,1422551244.2817264,2.023652042607488e+18,0.6419103234460373,0.436119249317624,2.023652042607488e+18,0.37322992890580553,1.1970071038457906,5.012448835944195e+16,1.3011089981921971e+17,2.028009170227239e+16,9.590232638956885e+16,15502070221.299969,163555470.68965748,1422551244.2817264,2.023652042607488e+18,-0.6419103234460373,0.436119249317624,2.023652042607488e+18,0.37322992890580553,1.1970071038457906,5.0124488359441944e+16,1.3011089981921971e+17,2.0280091702272388e+16,9.590232638956885e+16,15502070221.298502,belakang
sultan,5,302.964,303.96,160936834.3701411,1352156050.8047774,1.8283259857279716e+18,-0.3498657832560108,-0.6663065073152854,1.8283259857279716e+18,0.32531257028599014,1.2631161183969986,6.858614971685765e+16,9.547962878221654e+16,1.118835695261743e+17,6.674228010431145e+16,32506090311.500027,-160936834.3701411,1352156050.8047774,1.8283259857279716e+18,0.3498657832560108,-0.6663065073152854,1.8283259857279716e+18,0.32531257028599014,1.2631161183969986,6.858614971685765e+16,9.547962878221654e+16,1.118835695261743e+17,6.674228010431145e+16,32506090311.49781,belakang
sultan,5,303.964,304.96,-6591246.143525227,1414974742.4452665,2.002153521758048e+18,0.4007362688938222,-0.3245379182986601,2.002153521758048e+18,0.3575424560069695,1.2179193862077884,1.4881305036635872e+17,5.689796936763302e+16,9.577752368076954e+16,5.737145461983136e+16,46236589156.069595,6591246.143525236,1414974742.4452665,2.002153521758048e+18,-0.40073626889382225,-0.3245379182986601,2.002153521758048e+18,0.3575424560069695,1.2179193862077884,1.4881305036635872e+17,5.689796936763302e+16,9.577752368076955e+16,5.737145461983135e+16,46236589156.07143,belakang
sultan,5,304.964,305.96,-62323956.90749881,1283571325.871238,1.6475553485988477e+18,0.8344421965340237,0.9010303338090377,1.6475553485988477e+18,0.323126283811728,1.384941017433995,6.274277620987853e+16,1.6577925791501642e+17,1.1008240391313104e+17,5.300202536717304e+16,15350550738.481346,62323956.90749881,1283571325.871238,1.6475553485988477e+18,-0.8344421965340236,0.9010303338090373,1.6475553485988477e+18,0.323126283811728,1.3849410174339947,6.274277620987854e+16,1.6577925791501645e+17,1.1008240391313106e+17,5.300202536717304e+16,15350550738.483612,belakang
sultan,5,305.964,306.96,20958450.130379945,1257599871.5242856,1.5815574368578993e+18,0.9325103471340543,0.7063746498842671,1.5815574368578993e+18,0.3143355655340324,1.364956297026263,5.495052751321444e+16,8.140069478009979e+16,1.453137952449061e+17,3.4217225856781588e+16,24296643699.89275,-20958450.130379938,1257599871.5242856,1.5815574368578993e+18,-0.9325103471340543,0.7063746498842676,1.5815574368578993e+18,0.3143355655340324,1.364956297026263,5.495052751321443e+16,8.140069478009979e+16,1.4531379524490614e+17,3.4217225856781588e+16,24296643699.89196,belakang
sultan,5,306.964,12.956,-131610879.26318368,2160496286.2516055,4.66774420290698e+18,0.3613914298896303,-0.48555537268469395,4.66774420290698e+18,0.26622415542290595,1.644283443559735,6.632608699590874e+17,6.112919091365716e+17,1.0171336047580104e+17,7.127265224331872e+16,120939025430.25362,131610879.26318365,2160496286.2516055,4.66774420290698e+18,-0.3613914298896303,-0.48555537268469395,4.66774420290698e+18,0.26622415542290595,1.644283443559735,6.632608699590872e+17,6.112919091365716e+17,1.0171336047580106e+17,7.127265224331873e+16,120939025430.26137,belakang
usamah,1,12.96,13.956,182250205.92127582,2167000402.6223097,4.695890744965252e+18,0.3463698785841036,0.18947756361128532,4.695890744965252e+18,0.30668350095473096,1.3700153052586723,2.8602359229901046e+17,1.9432558343112144e+17,1.3129905687422139e+17,9.553105800637018e+16,63027877617.43602,-182250205.92127582,2167000402.6223097,4.695890744965252e+18,-0.3463698785841036,0.18947756361128487,4.695890744965252e+18,0.30668350095473096,1.370015305258672,2.8602359229901043e+17,1.9432558343112138e+17,1.3129905687422139e+17,9.553105800637019e+16,63027877617.438515,belakang
usamah,1,13.96,14.956,-211664504.3807835,2058156920.255494,4.2360099083955804e+18,0.10694388448426533,-0.17936263296474575,4.2360099083955804e+18,0.3685247991108268,1.189738647613089,1.283276280215103e+17,1.1251978063647214e+17,6.826794263034455e+16,1.8438693617971725e+17,125316499733.79721,211664504.3807835,2058156920.255494,4.2360099083955804e+18,-0.1069438844842653,-0.17936263296474575,4.2360099083955804e+18,0.3685247991108268,1.189738647613089,1.283276280215103e+17,1.1251978063647216e+17,6.826794263034456e+16,1.8438693617971725e+17,125316499733.78856,belakang
usamah,1,14.96,15.956,181252806.0634357,1689920979.2179446,2.855832916000937e+18,0.3864863973460454,0.3015963016194907,2.855832916000937e+18,0.28445746949353096,1.487276196542599,1.6573724557944778e+17,1.1941142496792925e+17,2.4430137956434806e+17,4.993860738941787e+16,55225197686.194275,-181252806.06343567,1689920979.2179444,2.855832916000936e+18,-0.3864863973460454,0.30159630161949247,2.855832916000936e+18,0.28445746949353096,1.487276196542599,1.6573724557944778e+17,1.1941142496792925e+17,2.4430137956434806e+17,4.993860738941787e+16,55225197686.191826,belakang
usamah,1,15.96,16.956,-58743831.37050168,1710047565.0637093,2.9242626747803213e+18,0.06016928451815022,-0.40236562868633996,2.9242626747803213e+18,0.28842433049078536,1.5338950806105818,2.3143840708480816e+17,2.584120521955211e+17,1.3078641421605483e+17,7.05080409038255e+16,53050682969.797165,58743831.370501615,1710047565.0637093,2.924262674780321e+18,-0.060169284518150117,-0.40236562868633863,2.924262674780321e+18,0.28842433049078536,1.5338950806105816,2.3143840708480813e+17,2.584120521955211e+17,1.3078641421605483e+17,7.050804090382551e+16,53050682969.80097,belakang
usamah,1,16.96,17.956,-62434909.087833166,1843968694.6932123,3.4002205470085893e+18,1.067682584360311,1.304454778346524,3.4002205470085893e+18,0.28872383354727954,1.3966222599805038,3.595100968025497e+17,2.2621360973432566e+17,1.1084415091647786e+17,1.1044815463242798e+17,34631999855.57252,62434909.08783311,1843968694.693212,3.4002205470085883e+18,-1.067682584360311,1.3044547783465248,3.4002205470085883e+18,0.28872383354727954,1.3966222599805038,3.595100968025496e+17,2.2621360973432566e+17,1.108441509164778e+17,1.1044815463242797e+17,34631999855.573944,belakang
usamah,1,17.96,18.956,-76340571.99073666,1815115215.1744852,3.2946432443579177e+18,0.5158176213858033,-0.06772792958670326,3.2946432443579177e+18,0.3120290775655164,1.275906580786135,2.067021321436432e+17,2.106140790465464e+17,1.6092798651618262e+17,9.513314503512139e+16,59603757789.134346,76340571.9907367,1815115215.1744852,3.2946432443579177e+18,-0.5158176213858033,-0.06772792958670282,3.2946432443579177e+18,0.3120290775655164,1.275906580786135,2.0670213214364323e+17,2.1061407904654643e+17,1.609279865161826e+17,9.513314503512139e+16,59603757789.13505,belakang
usamah,1,18.96,84.952,114980862.0493082,1830151937.8701117,3.349456115689725e+18,0.2696908451590238,-0.8142846965045476,3.349456115689725e+18,0.3454391882456934,1.280223035966821,7.897945809802731e+16,4.148604438516298e+16,7.491795823886307e+16,1.8213885382245248e+17,91290868655.9331,-114980862.04930821,1830151937.8701117,3.349456115689725e+18,-0.2696908451590238,-0.8142846965045472,3.349456115689725e+18,0.3454391882456935,1.2802230359668205,7.897945809802731e+16,4.148604438516299e+16,7.491795823886307e+16,1.821388538224525e+17,91290868655.93143,belakang
usamah,2,84.956,85.952,-105476729.26090105,1904220842.692326,3.6260570177438725e+18,0.7581600666939674,1.4526469500984458,3.6260570177438725e+18,0.35972312010184615,1.2286779188197372,8.927934229782208e+16,1.5972866110721574e+17,1.6514322286038176e+17,1.5477078159819088e+17,29755345741.440186,105476729.26090097,1904220842.692326,3.6260570177438725e+18,-0.7581600666939674,1.452646950098444,3.6260570177438725e+18,0.35972312010184615,1.2286779188197372,8.92793422978221e+16,1.5972866110721578e+17,1.651432228603818e+17,1.5477078159819085e+17,29755345741.439373,belakang
usamah,2,85.956,86.952,64757374.65863589,2093611796.1992745,4.383210353184753e+18,0.4212279875492154,-0.5534892042844799,4.383210353184753e+18,0.32310344142615927,1.3246828632228853,3.7563627853431834e+17,2.654202670031466e+17,7.763365948458485e+16,1.2251410296915146e+17,49665057152.09852,-64757374.65863592,2093611796.1992745,4.383210353184753e+18,-0.4212279875492154,-0.5534892042844799,4.383210353184753e+18,0.32310344142615927,1.3246828632228853,3.756362785343184e+17,2.654202670031466e+17,7.763365948458485e+16,1.2251410296915144e+17,49665057152.102806,belakang
usamah,2,86.956,87.952,90910549.98540255,2031791058.3887556,4.1281749049485e+18,0.6914878250583999,-0.038917086109515164,4.1281749049485e+18,0.2664593967255829,1.5782622114494682,2.434267467137681e+17,3.5221290477497754e+17,3.554332570533729e+17,8.61229943042927e+16,54916394784.8971,-90910549.98540258,2031791058.3887556,4.1281749049485e+18,-0.6914878250583999,-0.038917086109515164,4.1281749049485e+18,0.2664593967255829,1.5782622114494682,2.434267467137681e+17,3.5221290477497754e+17,3.554332570533729e+17,8.61229943042927e+16,54916394784.89913,belakang
usamah,2,87.956,88.952,-33826509.371054,2112088817.4560978,4.460919172823098e+18,0.5156534050945838,0.19903046240330546,4.460919172823098e+18,0.33336468488108234,1.2699026507000253,1.3233110083712253e+17,8.220719908877472e+16,1.963154942793444e+17,1.0046854144528955e+17,37821204476.58741,33826509.37105397,2112088817.456098,4.4609191728230984e+18,-0.5156534050945838,0.19903046240330502,4.4609191728230984e+18,0.33336468488108234,1.2699026507000253,1.3233110083712248e+17,8.220719908877469e+16,1.9631549427934442e+17,1.0046854144528955e+17,37821204476.58221,belakang
usamah,2,88.956,89.952,105692140.05905133,1965529829.4975936,3.86330751064484e+18,0.24362487492960805,-0.5958570896028732,3.86330751064484e+18,0.32803149974415735,1.2713675252672567,2.820367550992395e+17,1.6401922991160787e+17,1.1961331864567043e+17,1.1336004697222008e+17,29958247964.19101,-105692140.05905133,1965529829.4975936,3.86330751064484e+18,-0.24362487492960805,-0.5958570896028728,3.86330751064484e+18,0.32803149974415735,1.2713675252672567,2.820367550992395e+17,1.6401922991160787e+17,1.1961331864567043e+17,1.1336004697222008e+17,29958247964.192078,belakang
usamah,2,89.956,90.952,-199234615.60633782,2368719471.210061,5.610831933289672e+18,0.5042975488889714,0.8304653191148916,5.610831933289672e+18,0.31527710564528416,1.362879919864155,7.961398336727046e+16,2.5488288838344995e+17,2.935492737014117e+17,9.450667830839624e+16,69101786738.51071,199234615.60633782,2368719471.210061,5.610831933289672e+18,-0.5042975488889713,0.8304653191148916,5.610831933289672e+18,0.31527710564528416,1.362879919864155,7.961398336727045e+16,2.5488288838345002e+17,2.935492737014117e+17,9.450667830839624e+16,69101786738.5171,belakang
usamah,2,90.956,156.948,152149400.03780833,2368856540.579286,5.611481309845262e+18,0.24978608436904662,-0.47338262532284103,5.611481309845262e+18,0.3315503869893035,1.4378135564485404,3.7774121713583686e+17,1.0224546318161304e+17,1.7017000380241504e+17,1.1494463869693392e+17,794484006247.5417,-152149400.0378083,2368856540.579286,5.611481309845262e+18,-0.2497860843690467,-0.47338262532284103,5.611481309845262e+18,0.3315503869893035,1.4378135564485406,3.777412171358368e+17,1.0224546318161302e+17,1.7017000380241507e+17,1.1494463869693392e+17,794484006247.5435,belakang
usamah,3,156.952,157.948,60602237.370636076,2156661749.471237,4.651189901632338e+18,0.7468882278948229,0.3892728375188619,4.651189901632338e+18,0.34107905688590356,1.3258092437003561,4.586430416426536e+17,1.4787833034787603e+17,1.9395975838068947e+17,1.941138274500851e+17,69104813648.92984,-60602237.370636076,2156661749.471237,4.651189901632338e+18,-0.7468882278948229,0.38927283751886144,4.651189901632338e+18,0.34107905688590356,1.3258092437003561,4.586430416426536e+17,1.4787833034787603e+17,1.939597583806894e+17,1.941138274500851e+17,69104813648.91788,belakang
usamah,3,157.952,158.948,-160055696.8410508,1645591240.5288055,2.707970530905133e+18,-0.391740349039382,-0.25039801049685506,2.707970530905133e+18,0.3095540454456597,1.3564393110384774,6.243473742606077e+16,1.6094601637462826e+17,4.728321655086334e+16,6.5647442151263784e+16,71693726630.13982,160055696.84105077,1645591240.5288055,2.707970530905133e+18,0.39174034903938193,-0.25039801049685595,2.707970530905133e+18,0.3095540454456597,1.3564393110384771,6.243473742606077e+16,1.6094601637462826e+17,4.728321655086334e+16,6.564744215126377e+16,71693726630.14084,belakang
usamah,3,158.952,159.948,-82784843.69856067,2354032422.3758125,5.541468645596536e+18,-0.022006952570304706,0.05767534686289144,5.541468645596536e+18,0.33430273723942744,1.3411490935887032,2.2692405586048406e+17,2.4716651848105667e+17,2.4773914141352797e+17,1.2636839878192117e+17,76736892717.73177,82784843.69856068,2354032422.3758125,5.541468645596536e+18,0.022006952570304706,0.05767534686289144,5.541468645596536e+18,0.33430273723942744,1.341149093588703,2.2692405586048413e+17,2.4716651848105667e+17,2.47739141413528e+17,1.2636839878192117e+17,76736892717.73174,belakang
usamah,3,159.952,160.948,176149355.68660742,2144144993.2748818,4.597357752185743e+18,0.41107014224466143,0.0032709895315070625,4.597357752185743e+18,0.25981005616290836,1.4601092047047224,3.515274325895871e+17,2.3583320289712026e+17,4.477796276385849e+17,1.0051559041384574e+17,79762075382.87909,-176149355.68660736,2144144993.2748818,4.597357752185743e+18,-0.4110701422446614,0.0032709895315075066,4.597357752185743e+18,0.25981005616290836,1.4601092047047222,3.515274325895871e+17,2.358332028971202e+17,4.4777962763858496e+17,1.0051559041384573e+17,79762075382.88373,belakang
usamah,3,160.952,161.948,47773673.00745981,2012261256.6035423,4.049195364827667e+18,0.6275919849743791,-0.18754510813373715,4.049195364827667e+18,0.2906763348297293,1.3718535231005997,3.333976916965435e+17,1.2077058293864299e+17,5.088233698741071e+17,8.144526362118342e+16,59623687669.745476,-47773673.007459775,2012261256.6035423,4.049195364827667e+18,-0.6275919849743791,-0.18754510813373715,4.049195364827667e+18,0.2906763348297294,1.3718535231005997,3.333976916965434e+17,1.2077058293864304e+17,5.088233698741071e+17,8.144526362118341e+16,59623687669.743065,belakang
usamah,3,161.952,162.948,-109176097.77268854,1727688034.3429072,2.984905944011659e+18,0.46248104393786726,-0.18464605682832325,2.984905944011659e+18,0.37484150121677123,1.2074608191982203,8.946458074873622e+16,1.1188587518543005e+17,6.966163412510953e+16,4.68117015613114e+16,45786353293.66226,109176097.77268855,1727688034.3429072,2.984905944011659e+18,-0.46248104393786726,-0.18464605682832325,2.984905944011659e+18,0.37484150121677123,1.2074608191982203,8.946458074873622e+16,1.1188587518543005e+17,6.96616341251095e+16,4.68117015613114e+16,45786353293.66089,belakang
usamah,3,162.952,228.944,-122066762.62122442,1863965821.6135373,3.474368584143429e+18,0.4180407284682582,-0.10090234306940227,3.474368584143429e+18,0.3066233253878652,1.9299345364080995,1.2914319318836365e+17,1.9235386609221232e+17,5.328614598607114e+16,5.165769728762696e+16,745853353652.0308,122066762.62122442,1863965821.6135373,3.474368584143429e+18,-0.4180407284682583,-0.10090234306940227,3.474368584143429e+18,0.3066233253878652,1.9299345364080995,1.2914319318836366e+17,1.9235386609221232e+17,5.328614598607114e+16,5.165769728762696e+16,745853353652.033,belakang
usamah,4,228.948,229.944,165707587.03952652,1883436641.12884,3.547333581146687e+18,0.3047499969942713,0.09454242597994567,3.547333581146687e+18,0.37338557827504715,1.1679425443149274,4.203642416092986e+16,6.817177485428531e+16,1.8604323518769782e+17,1.1046566352252886e+17,55588736772.56869,-165707587.03952655,1883436641.12884,3.5473335811466865e+18,-0.30474999699427135,0.09454242597994611,3.5473335811466865e+18,0.3733855782750472,1.1679425443149274,4.203642416092986e+16,6.817177485428531e+16,1.8604323518769782e+17,1.1046566352252886e+17,55588736772.57188,belakang
usamah,4,229.948,230.944,-272603195.2561375,1812706811.508773,3.2859059844903025e+18,0.3532116542316748,-0.40370217963833754,3.2859059844903025e+18,0.33633186461351383,1.3318253151391026,1.9063981435352317e+17,1.3862729626807637e+17,2.2021835838922733e+17,6.1590080713011416e+16,34032957400.207363,272603195.2561375,1812706811.508773,3.2859059844903025e+18,-0.3532116542316748,-0.40370217963833754,3.2859059844903025e+18,0.33633186461351383,1.3318253151391028,1.906398143535232e+17,1.3862729626807637e+17,2.2021835838922733e+17,6.1590080713011416e+16,34032957400.2065,belakang
usamah,4,230.948,231.944,428187039.3256184,1991199430.596204,3.964875172406647e+18,0.20215069751759826,-0.6226003889071734,3.964875172406647e+18,0.3480897681282973,1.2307105802478282,1.9348897398108768e+17,2.4840338024246614e+17,6.893390475720824e+16,1.0608007854883736e+17,34526886527.23912,-428187039.3256184,1991199430.596204,3.964875172406647e+18,-0.2021506975175983,-0.6226003889071734,3.964875172406647e+18,0.3480897681282973,1.2307105802478282,1.9348897398108765e+17,2.484033802424661e+17,6.893390475720823e+16,1.0608007854883733e+17,34526886527.24094,belakang
usamah,4,231.948,232.944,-356595751.20881295,1972102477.6725698,3.8891881824422886e+18,0.06389816921425766,-0.792053810395628,3.8891881824422886e+18,0.3072447970632666,1.3456290047873898,1.2569632596959245e+17,1.3663615187697296e+17,8.780958163006184e+16,8.0246388747248e+16,70335355347.23825,356595751.208813,1972102477.6725698,3.8891881824422886e+18,-0.0638981692142581,-0.792053810395628,3.8891881824422886e+18,0.3072447970632666,1.3456290047873898,1.2569632596959245e+17,1.3663615187697296e+17,8.780958163006184e+16,8.0246388747248e+16,70335355347.23535,belakang
usamah,4,232.948,233.944,221120285.46900442,2078457701.7761323,4.3199864180725217e+18,-0.02048217438511058,-0.5765540688989463,4.3199864180725217e+18,0.31615671994574523,1.356540150578291,1.2858708554743392e+17,1.2662341305741027e+17,5.053245479605293e+16,1.3510892052591608e+17,74977507812.94223,-221120285.4690044,2078457701.7761323,4.3199864180725217e+18,0.02048217438511046,-0.5765540688989463,4.3199864180725217e+18,0.31615671994574523,1.356540150578291,1.2858708554743386e+17,1.2662341305741026e+17,5.0532454796052936e+16,1.3510892052591608e+17,74977507812.94867,belakang
usamah,4,233.948,234.944,-93860913.20000122,1825425460.2561836,3.3321781109515e+18,0.5395851525613334,-0.05398481091021212,3.3321781109515e+18,0.2730684041474557,1.5864062310873008,3.2445303104009043e+17,1.9057824062044707e+17,1.19384737986079e+17,8.90007111188436e+16,77640029465.01299,93860913.20000122,1825425460.2561836,3.3321781109515e+18,-0.5395851525613332,-0.05398481091021212,3.3321781109515e+18,0.2730684041474557,1.5864062310873006,3.2445303104009043e+17,1.9057824062044707e+17,1.1938473798607902e+17,8.90007111188436e+16,77640029465.01451,belakang
usamah,4,234.948,300.94,85997390.24628192,1938803395.8079953,3.758958607596614e+18,0.39622529586296334,0.2255723538221046,3.758958607596614e+18,0.36485590021142317,1.3388439723715322,8.265209237574096e+16,4.2310829245279416e+16,1.6550695765004086e+17,1.2721332179798805e+17,468770834910.1084,-85997390.24628188,1938803395.8079953,3.758958607596614e+18,-0.39622529586296334,0.2255723538221046,3.758958607596614e+18,0.36485590021142317,1.3388439723715322,8.265209237574096e+16,4.231082924527941e+16,1.6550695765004086e+17,1.2721332179798805e+17,468770834910.1162,belakang
usamah,5,300.944,301.94,-147079956.56963763,1810635878.7752812,3.2784022855083346e+18,0.5069471944282855,0.3218786156552387,3.2784022855083346e+18,0.26916181826580704,1.4806163969856854,1.7483365115812874e+17,3.150886574107698e+17,1.396581539655094e+17,6.775395378420795e+16,47859487610.01914,147079956.56963763,1810635878.7752812,3.2784022855083346e+18,-0.5069471944282855,0.3218786156552387,3.2784022855083346e+18,0.26916181826580704,1.4806163969856851,1.7483365115812874e+17,3.150886574107698e+17,1.3965815396550938e+17,6.775395378420794e+16,47859487610.01741,belakang
usamah,5,301.944,302.94,56813247.17349129,2231836724.8139844,4.981095166228412e+18,0.5074367639878553,0.0012992197632875069,4.981095166228412e+18,0.36177282963419005,1.1739906838600758,2.908419468614725e+17,1.9585732177717312e+17,8.966598390600282e+16,1.484009564283632e+17,54545333747.671295,-56813247.173491344,2231836724.8139844,4.981095166228412e+18,-0.5074367639878553,0.0012992197632875069,4.981095166228412e+18,0.36177282963419005,1.1739906838600758,2.908419468614725e+17,1.9585732177717312e+17,8.966598390600282e+16,1.484009564283632e+17,54545333747.6716,belakang
usamah,5,302.944,303.94,24187455.772357978,1904707472.9953718,3.6279105576844155e+18,-0.19709174573648827,1.7126739853052815,3.6279105576844155e+18,0.32586195436021415,1.2236430465209245,1.493403577142929e+17,1.9147148581628054e+17,2.62373397460693e+17,1.2964227839320368e+17,100196417689.61768,-24187455.772357978,1904707472.9953718,3.6279105576844155e+18,0.19709174573648827,1.7126739853052815,3.6279105576844155e+18,0.32586195436021415,1.2236430465209245,1.493403577142929e+17,1.9147148581628064e+17,2.6237339746069306e+17,1.2964227839320368e+17,100196417689.61923,belakang
usamah,5,303.944,304.94,-43638685.550114445,2215313242.8180356,4.907612763804962e+18,-0.16969568680448896,0.022158082385760558,4.907612763804962e+18,0.32708116585242897,1.2708411032061655,2.5112384510395715e+17,2.5545496958249658e+17,2.871693568639786e+17,9.258470614056405e+16,100092877044.29572,43638685.55011444,2215313242.8180356,4.907612763804962e+18,0.16969568680448902,0.022158082385760558,4.907612763804962e+18,0.32708116585242897,1.2708411032061655,2.5112384510395715e+17,2.5545496958249658e+17,2.871693568639786e+17,9.258470614056405e+16,100092877044.28885,belakang
usamah,5,304.944,305.94,81526309.23978272,1871699995.2551658,3.503260872238188e+18,0.044307320843080214,0.08847951924358188,3.503260872238188e+18,0.3021767668378897,1.4197792190921366,9.859032814569142e+16,1.3256021743695762e+17,1.1870218803813066e+17,8.293380069439816e+16,43032142382.208954,-81526309.23978269,1871699995.2551658,3.503260872238188e+18,-0.044307320843080235,0.08847951924358233,3.503260872238188e+18,0.3021767668378897,1.4197792190921366,9.859032814569144e+16,1.3256021743695766e+17,1.1870218803813066e+17,8.293380069439816e+16,43032142382.20468,belakang
usamah,5,305.944,306.94,20584647.456651475,2046179400.582978,4.186850139370115e+18,0.27914931603103116,-0.2605107734794321,4.186850139370115e+18,0.27136092637060616,1.4632382949445364,1.4442792719943648e+17,2.964677184657384e+17,2.7227981785792275e+17,1.0553603554672661e+17,107871675607.0482,-20584647.456651468,2046179400.582978,4.186850139370115e+18,-0.2791493160310312,-0.26051077347943297,4.186850139370115e+18,0.27136092637060616,1.4632382949445364,1.444279271994365e+17,2.964677184657383e+17,2.7227981785792288e+17,1.0553603554672661e+17,107871675607.04247,belakang
usamah,5,306.944,12.936,-256487291.30195186,1965817998.406351,3.864440402858352e+18,-0.9520512973294114,0.6136238797271627,3.864440402858352e+18,0.3253421958008107,1.5610765771788144,7.318814295715877e+16,1.658028831091401e+17,7.241785286746573e+16,6.535043770528205e+16,948257512275.3518,256487291.3019518,1965817998.406351,3.864440402858352e+18,0.9520512973294114,0.6136238797271627,3.864440402858352e+18,0.3253421958008107,1.5610765771788144,7.318814295715878e+16,1.6580288310914013e+17,7.241785286746571e+16,6.535043770528205e+16,948257512275.3523,belakang
syarif,1,12.94,13.936,-119911047.08126248,1339566600.8144257,1.794438678017515e+18,-0.11910828002961428,-0.22530711886043564,1.794438678017515e+18,0.3367407284522344,1.289618249057216,7.38940946540626e+16,1.1536850828473882e+17,7.669361156040507e+16,3.456478789669193e+16,44401401471.066124,119911047.08126248,1339566600.8144257,1.794438678017515e+18,0.11910828002961438,-0.22530711886043564,1.794438678017515e+18,0.3367407284522344,1.2896182490572157,7.38940946540626e+16,1.1536850828473885e+17,7.669361156040507e+16,3.456478789669193e+16,44401401471.06499,belakang
syarif,1,13.94,14.936,170761283.2237464,1390844129.2349496,1.934447391827325e+18,-0.722528257876233,0.03075188700806164,1.934447391827325e+18,0.30166952527703644,1.4316965632473238,6.7605110724021976e+16,7.558266418894998e+16,9.901001370550888e+16,3.274271513167983e+16,22986268691.77344,-170761283.2237464,1390844129.2349494,1.9344473918273247e+18,0.722528257876233,0.030751887008062084,1.9344473918273247e+18,0.30166952527703644,1.431696563247324,6.7605110724021976e+16,7.558266418894998e+16,9.901001370550888e+16,3.274271513167984e+16,22986268691.772655,belakang
syarif,1,14.94,15.936,-155107686.80169988,1715269280.1991727,2.9421487035949885e+18,-0.32771468152522054,-0.5390362783202352,2.9421487035949885e+18,0.3357876169561165,1.2739294608273535,6.278652974958613e+16,1.8933162128614723e+17,2.4564716384161674e+17,4.5142178939338136e+16,32346096546.22268,155107686.80169988,1715269280.199173,2.942148703594989e+18,0.3277146815252205,-0.5390362783202356,2.942148703594989e+18,0.3357876169561164,1.2739294608273537,6.278652974958613e+16,1.8933162128614723e+17,2.4564716384161674e+17,4.5142178939338136e+16,32346096546.219723,belakang
syarif,1,15.94,16.936,90594205.98785573,1108768951.9570434,1.2293685888239204e+18,0.12166229809185097,-0.27766386643914576,1.2293685888239204e+18,0.32148979441717374,1.4458478230310425,1.0784415939056682e+17,9.976687752640731e+16,2.5485778217045824e+16,4.392011627259487e+16,24705077794.50059,-90594205.98785569,1108768951.9570434,1.2293685888239204e+18,-0.12166229809185097,-0.27766386643914576,1.2293685888239204e+18,0.32148979441717374,1.4458478230310423,1.0784415939056677e+17,9.976687752640726e+16,2.5485778217045824e+16,4.392011627259487e+16,24705077794.501648,belakang
syarif,1,16.94,17.936,-20163119.70705617,1430693551.431838,2.0468840381086456e+18,-0.6017811917700994,-0.18995470597477304,2.0468840381086456e+18,0.2875849492159245,1.3174738725209865,1.8278729896415827e+17,6.042121916275589e+16,1.4517513254956378e+17,7.246740165686997e+16,30569690315.0618,20163119.707056213,1430693551.4318383,2.046884038108646e+18,0.6017811917700996,-0.18995470597477393,2.046884038108646e+18,0.2875849492159244,1.317473872520987,1.8278729896415827e+17,6.04212191627559e+16,1.4517513254956374e+17,7.246740165686997e+16,30569690315.060295,belakang
syarif,1,17.94,18.936,-44861982.927475676,1366311479.0676227,1.8668070578319547e+18,-0.5694929589308777,-0.18828111226921296,1.8668070578319547e+18,0.3401813253187944,1.2903828516864135,9.32543873001518e+16,8.196551118504483e+16,7.261051759375178e+16,5.490631172617901e+16,19531639203.740486,44861982.927475676,1366311479.0676227,1.8668070578319547e+18,0.5694929589308777,-0.1882811122692134,1.8668070578319547e+18,0.3401813253187944,1.2903828516864135,9.325438730015182e+16,8.196551118504485e+16,7.261051759375178e+16,5.490631172617901e+16,19531639203.740532,belakang
syarif,1,18.94,84.932,186515189.04939008,1453649823.3361483,2.1130978088852152e+18,-0.8827122647608548,1.1238292102080676,2.1130978088852152e+18,0.37159386215917795,2.346135859723246,5.02887329279107e+16,1.573552958859223e+17,1.3812227225568138e+17,5.527486540134184e+16,4272082411801.495,-186515189.04939008,1453649823.3361483,2.1130978088852152e+18,0.8827122647608548,1.1238292102080685,2.1130978088852152e+18,0.37159386215917795,2.3461358597232462,5.02887329279107e+16,1.573552958859223e+17,1.3812227225568144e+17,5.527486540134184e+16,4272082411801.503,belakang
syarif,2,84.936,85.932,-190960117.09136084,1630579156.2497284,2.6587883847960765e+18,-0.2754279475005491,-0.33156711044392395,2.6587883847960765e+18,0.3209017806561801,1.2838820804817188,1.0647558582269128e+17,2.165147451750661e+17,1.4656742204003923e+17,4.204104758868927e+16,35562172700.88796,190960117.09136084,1630579156.2497284,2.6587883847960765e+18,0.2754279475005492,-0.3315671104439244,2.6587883847960765e+18,0.3209017806561801,1.2838820804817188,1.0647558582269126e+17,2.1651474517506605e+17,1.4656742204003926e+17,4.204104758868928e+16,35562172700.88945,belakang
syarif,2,85.936,86.932,106785555.53478809,1234994343.1582096,1.5252110276327777e+18,-0.813837899790642,0.6034879060068077,1.5252110276327777e+18,0.3366114700784417,1.2741121036999883,2.8673029273314704e+16,1.1880703443710472e+17,1.3482910910779197e+17,5.440610073210771e+16,60489841350.56578,-106785555.53478809,1234994343.1582096,1.5252110276327777e+18,0.8138378997906419,0.6034879060068077,1.5252110276327777e+18,0.3366114700784417,1.2741121036999885,2.8673029273314696e+16,1.1880703443710469e+17,1.3482910910779192e+17,5.440610073210771e+16,60489841350.56534,belakang
syarif,2,86.936,87.932,59155878.078768544,1115286522.814395,1.243864027971424e+18,-0.3913735704607628,-0.25652311661853755,1.243864027971424e+18,0.31333929646445624,1.3592742070663388,2.949500864181928e+16,6.662662805811782e+16,9.156223458872574e+16,3.183964423398553e+16,25075581390.961166,-59155878.07876856,1115286522.8143952,1.2438640279714243e+18,0.3913735704607628,-0.256523116618538,1.2438640279714243e+18,0.3133392964644562,1.3592742070663393,2.949500864181928e+16,6.662662805811782e+16,9.156223458872574e+16,3.183964423398553e+16,25075581390.962563,belakang
syarif,2,87.936,88.932,-13248905.299710143,1536649805.063977,2.3612926234031585e+18,-1.0551555236901047,1.5055944997604378,2.3612926234031585e+18,0.3143556308858654,1.3638908026958905,1.2946297806632624e+17,1.2590683910707037e+17,6.514484930991471e+16,5.213745839614616e+16,21988220801.87863,13248905.299710114,1536649805.063977,2.3612926234031585e+18,1.0551555236901051,1.5055944997604378,2.3612926234031585e+18,0.3143556308858654,1.3638908026958905,1.294629780663262e+17,1.2590683910707034e+17,6.51448493099147e+16,5.213745839614616e+16,21988220801.87938,belakang
syarif,2,88.936,89.932,-112911302.88157895,1307445452.7919805,1.7094136120264266e+18,-0.734611487913482,0.07829431883342863,1.7094136120264266e+18,0.28261450408223865,1.3155986876779766,3.550090866681336e+16,1.1074340758412106e+17,1.3017877004276318e+17,3.165834452914436e+16,27088819476.459557,112911302.88157895,1307445452.7919805,1.7094136120264266e+18,0.734611487913482,0.07829431883342863,1.7094136120264266e+18,0.28261450408223865,1.3155986876779766,3.550090866681336e+16,1.1074340758412106e+17,1.3017877004276317e+17,3.165834452914436e+16,27088819476.458214,belakang
syarif,2,89.936,90.932,17894878.01427356,1439165420.6145253,2.0711971078925837e+18,-0.5531877048521701,0.3288611200395648,2.0711971078925837e+18,0.3489481411314516,1.2284943020334687,6.1576217959126184e+16,8.731869057014026e+16,7.956289927413419e+16,8.00950917199298e+16,22292999955.458565,-17894878.01427358,1439165420.6145253,2.0711971078925834e+18,0.5531877048521702,0.32886112003956613,2.0711971078925834e+18,0.34894814113145156,1.228494302033469,6.157621795912618e+16,8.731869057014027e+16,7.956289927413419e+16,8.009509171992978e+16,22292999955.45737,belakang
syarif,2,90.936,156.928,-63913034.838259585,1551955788.4069097,2.4085667691697126e+18,-1.1960682161692477,1.4344134453641066,2.4085667691697126e+18,0.33158305394151955,1.3403993299889732,3.4829566328216416e+16,1.3876864359845027e+17,2.5216739198882396e+16,7.567487836909805e+16,197702305461.93073,63913034.838259555,1551955788.4069095,2.408566769169712e+18,1.1960682161692482,1.4344134453641084,2.408566769169712e+18,0.33158305394151955,1.3403993299889734,3.4829566328216424e+16,1.3876864359845027e+17,2.5216739198882396e+16,7.567487836909805e+16,197702305461.9278,belakang
syarif,3,156.932,157.928,-24420777.95405168,1453179327.647751,2.11173015830277e+18,-1.2717132223848697,2.7435965425818747,2.11173015830277e+18,0.3418191591994693,1.3207607093386757,5.968588163582093e+16,8.416608460376718e+16,4.016185952558258e+16,2.157873778177469e+16,12436930433.657127,24420777.954051655,1453179327.647751,2.11173015830277e+18,1.2717132223848697,2.7435965425818747,2.11173015830277e+18,0.3418191591994693,1.3207607093386755,5.968588163582093e+16,8.416608460376718e+16,4.016185952558259e+16,2.157873778177469e+16,12436930433.656935,belakang
syarif,3,157.932,158.928,-13055361.868219418,1569789899.3999472,2.464240328258096e+18,-0.9654076073071882,0.799124120200887,2.464240328258096e+18,0.31646080644933555,1.2672623897567357,3.675396527944085e+16,1.1402778537741142e+17,2.0601412159521098e+17,5.733865720089875e+16,36393963557.885315,13055361.868219383,1569789899.3999472,2.464240328258096e+18,0.965407607307188,0.7991241202008861,2.464240328258096e+18,0.31646080644933555,1.2672623897567354,3.675396527944085e+16,1.1402778537741142e+17,2.0601412159521098e+17,5.733865720089875e+16,36393963557.88634,belakang
syarif,3,158.932,159.928,-100608909.44582845,1524808665.5124607,2.3250414664218916e+18,-0.5380022870196366,-0.2008887887663131,2.3250414664218916e+18,0.3125667739144058,1.3588336501762084,8.859309260153413e+16,1.5413762801158906e+17,1.4046039286299464e+17,8.516057155066994e+16,39034949625.64301,100608909.44582847,1524808665.5124607,2.325041466421891e+18,0.5380022870196368,-0.20088878876631178,2.325041466421891e+18,0.3125667739144058,1.3588336501762084,8.859309260153411e+16,1.5413762801158906e+17,1.4046039286299466e+17,8.516057155066994e+16,39034949625.64136,belakang
syarif,3,159.932,160.928,38012959.4584133,1490985136.108167,2.223036676095489e+18,-0.28892131382317215,-0.8466379329179201,2.223036676095489e+18,0.2995153720082063,1.4584124259024538,2.0667434980112726e+17,3.1906396707630292e+16,1.0071962633559363e+17,6.213814094416577e+16,27407835177.915726,-38012959.4584133,1490985136.108167,2.223036676095489e+18,0.2889213138231721,-0.8466379329179197,2.223036676095489e+18,0.29951537200820627,1.4584124259024542,2.066743498011273e+17,3.1906396707630296e+16,1.0071962633559363e+17,6.2138140944165784e+16,27407835177.916924,belakang
syarif,3,160.932,161.928,63359863.13395694,1667346723.1976817,2.780045095358046e+18,-0.29701002630141476,0.18707214962508312,2.780045095358046e+18,0.33485823936587983,1.168829145203782,9.841969589837914e+16,1.0932251682802536e+17,1.2660033519155656e+17,9.24509320897652e+16,15679709644.622475,-63359863.13395694,1667346723.1976817,2.780045095358046e+18,0.29701002630141476,0.18707214962508223,2.780045095358046e+18,0.33485823936587983,1.168829145203782,9.841969589837914e+16,1.0932251682802538e+17,1.2660033519155656e+17,9.245093208976522e+16,15679709644.61929,belakang
syarif,3,161.932,162.928,-10793312.803531028,1568087522.8222115,2.4588984792306995e+18,-0.5381064608483671,-0.6813606311825193,2.4588984792306995e+18,0.3471179172895753,1.2708695907410428,8.068870003652902e+16,1.0162175096798198e+17,7.623551052138091e+16,6.326080172855672e+16,38115759898.6208,10793312.803531028,1568087522.8222115,2.4588984792306995e+18,0.5381064608483671,-0.6813606311825193,2.4588984792306995e+18,0.3471179172895753,1.2708695907410423,8.068870003652901e+16,1.01621750967982e+17,7.623551052138091e+16,6.326080172855672e+16,38115759898.621216,belakang
syarif,3,162.932,228.924,189662631.04487875,1246766316.289918,1.554426247435132e+18,-0.5210116944308932,0.05687867192584317,1.554426247435132e+18,0.2992347744527088,1.3876612588894612,5.7974476044045416e+16,3.678382297076798e+16,2.91482484993757e+16,4.0394650519220824e+16,51622865236.67664,-189662631.04487875,1246766316.289918,1.554426247435132e+18,0.5210116944308931,0.05687867192584317,1.554426247435132e+18,0.2992347744527088,1.3876612588894612,5.7974476044045416e+16,3.678382297076798e+16,2.91482484993757e+16,4.0394650519220824e+16,51622865236.67709,belakang
syarif,4,228.928,229.924,-175594674.80856735,1738746381.3714035,3.0232389787321503e+18,-0.8443427074152728,0.5122564570083545,3.0232389787321503e+18,0.3131265495770747,1.2867851996055013,6.009760504895161e+16,1.6570715958270762e+17,3.5612939602088806e+17,6.9674705133898776e+16,39179815180.002686,175594674.8085674,1738746381.3714037,3.023238978732151e+18,0.8443427074152727,0.5122564570083536,3.023238978732151e+18,0.31312654957707464,1.2867851996055015,6.00976050489516e+16,1.6570715958270762e+17,3.5612939602088806e+17,6.9674705133898776e+16,39179815180.00183,belakang
syarif,4,229.928,230.924,111495166.65933673,1358495473.3357232,1.8455099510736504e+18,-0.16252634937175217,-0.7329097686906514,1.8455099510736504e+18,0.2948351896093741,1.368870032485315,5.31152160288222e+16,1.2183908930169902e+17,1.2102025195429507e+17,5.001111768683813e+16,29729189228.373085,-111495166.65933667,1358495473.3357232,1.8455099510736504e+18,0.16252634937175203,-0.7329097686906509,1.8455099510736504e+18,0.2948351896093741,1.368870032485315,5.31152160288222e+16,1.2183908930169899e+17,1.2102025195429507e+17,5.0011117686838136e+16,29729189228.371166,belakang
syarif,4,230.928,231.924,-278207585.904255,1964065337.1883142,3.8575526487446467e+18,-0.399280307783608,-0.17096275251198811,3.8575526487446467e+18,0.3564921765965985,1.247119313595715,1.5829899755493302e+17,1.0028151695324104e+17,2.6561535188140845e+17,1.040886275360228e+17,32256797988.364265,278207585.904255,1964065337.1883142,3.857552648744646e+18,0.3992803077836081,-0.17096275251198767,3.857552648744646e+18,0.3564921765965985,1.247119313595715,1.58298997554933e+17,1.0028151695324101e+17,2.6561535188140835e+17,1.0408862753602278e+17,32256797988.36474,belakang
syarif,4,231.928,232.924,137694693.0661795,1706513318.574292,2.912187706471443e+18,-1.0557384957024474,0.8110883952974985,2.912187706471443e+18,0.2740737894396435,1.379619599317868,8.45642522393071e+16,1.8826117583172128e+17,1.5356014921569846e+17,5.768082398958987e+16,36705061455.80955,-137694693.06617957,1706513318.5742922,2.9121877064714435e+18,1.0557384957024474,0.8110883952974981,2.9121877064714435e+18,0.2740737894396435,1.379619599317868,8.456425223930709e+16,1.8826117583172128e+17,1.535601492156985e+17,5.768082398958987e+16,36705061455.81258,belakang
syarif,4,232.928,233.924,53469795.991977476,1671511991.7957149,2.793952338716878e+18,-1.0839366896180922,2.859606111063828,2.793952338716878e+18,0.29798622716701695,1.434386315006022,1.9454218698050806e+17,1.6458058772582528e+17,5.539099978965109e+16,8.913248368946507e+16,19663065262.685474,-53469795.99197746,1671511991.7957149,2.793952338716878e+18,1.0839366896180922,2.859606111063828,2.793952338716878e+18,0.29798622716701695,1.4343863150060219,1.945421869805081e+17,1.6458058772582528e+17,5.539099978965109e+16,8.913248368946509e+16,19663065262.68364,belakang
syarif,4,233.928,234.924,45413159.8619369,1817832041.9538066,3.3045133327539466e+18,-0.7485473107408567,0.7016673251266301,3.3045133327539466e+18,0.37604847002292857,1.2350800898474967,7.738008799848827e+16,1.8738734834259658e+17,4.790765423223667e+16,1.483969396566428e+17,33201171197.700157,-45413159.86193688,1817832041.9538066,3.3045133327539466e+18,0.748547310740857,0.7016673251266301,3.3045133327539466e+18,0.37604847002292857,1.2350800898474967,7.738008799848829e+16,1.8738734834259654e+17,4.790765423223667e+16,1.483969396566428e+17,33201171197.69939,belakang
syarif,4,234.928,300.92,39112740.9848983,1544630003.0879664,2.385881846439531e+18,-0.7889337380072297,0.5764812558913888,2.385881846439531e+18,0.33473816009809176,1.6107962490177905,8.933359235095675e+16,1.446762373635748e+17,7.452635218527293e+16,5.043777242703005e+16,1103367991623.7122,-39112740.9848983,1544630003.0879664,2.385881846439531e+18,0.7889337380072297,0.5764812558913883,2.385881846439531e+18,0.33473816009809176,1.6107962490177903,8.933359235095677e+16,1.446762373635748e+17,7.452635218527293e+16,5.043777242703005e+16,1103367991623.713,belakang
syarif,5,300.924,301.92,164236017.6996829,1866485198.674818,3.483766996872175e+18,-0.9926522323455605,0.822788435256629,3.483766996872175e+18,0.28901392075519916,1.4368173801880528,1.9646687609920278e+17,1.7797177278308573e+17,4.5831559157377176e+16,8.356672818194888e+16,57105681928.37174,-164236017.69968286,1866485198.6748183,3.483766996872176e+18,0.9926522323455608,0.8227884352566281,3.483766996872176e+18,0.2890139207551991,1.436817380188053,1.964668760992027e+17,1.7797177278308573e+17,4.583155915737718e+16,8.356672818194888e+16,57105681928.3707,belakang
syarif,5,301.924,302.92,-49465794.531811185,1633410912.790284,2.668031210022388e+18,-0.04285566088834377,-0.48205175525515065,2.668031210022388e+18,0.3163128746211213,1.3674638400364678,1.9166511977459696e+17,1.0276454922971171e+17,1.972710999375076e+17,7.144613813083884e+16,35808235456.101135,49465794.531811185,1633410912.790284,2.668031210022388e+18,0.042855660888343736,-0.48205175525515065,2.668031210022388e+18,0.31631287462112134,1.3674638400364676,1.9166511977459696e+17,1.0276454922971171e+17,1.9727109993750755e+17,7.144613813083884e+16,35808235456.103065,belakang
syarif,5,302.924,303.92,-20690986.77482013,2030288110.4781764,4.1220698115490437e+18,-0.4737667287101984,-0.11528956789565692,4.1220698115490437e+18,0.40025623676608113,1.141600814458233,8.447889803779434e+16,5.984195557449103e+16,2.2439459008213443e+17,1.6704496683634256e+17,54052124962.68376,20690986.774820115,2030288110.4781764,4.1220698115490437e+18,0.4737667287101983,-0.11528956789565692,4.1220698115490437e+18,0.40025623676608113,1.141600814458233,8.447889803779434e+16,5.984195557449103e+16,2.243945900821344e+17,1.6704496683634262e+17,54052124962.6857,belakang
syarif,5,303.924,304.92,-41721055.332474135,1804755844.860363,3.257143659557642e+18,-0.9256307802696815,1.9827217858315187,3.257143659557642e+18,0.31306097672417105,1.3901837336460259,1.078703831462396e+17,3.1551830165262708e+16,1.2514383398499515e+17,9.284372882777731e+16,59190742427.9991,41721055.332474135,1804755844.860363,3.257143659557642e+18,0.9256307802696817,1.9827217858315196,3.257143659557642e+18,0.31306097672417105,1.390183733646026,1.0787038314623963e+17,3.1551830165262708e+16,1.2514383398499512e+17,9.284372882777731e+16,59190742427.99675,belakang
syarif,5,304.924,305.92,20529999.486041322,2026234856.565514,4.105627693961069e+18,-0.49960572945330284,-0.580145655079757,4.105627693961069e+18,0.3086490807108889,1.3086592139112572,1.9715868811732176e+17,2.340163357452195e+17,1.744325618418076e+17,1.2152933116653565e+17,90609786171.16469,-20529999.48604126,2026234856.5655138,4.105627693961068e+18,0.4996057294533025,-0.5801456550797561,4.105627693961068e+18,0.308649080710889,1.3086592139112565,1.971586881173218e+17,2.340163357452195e+17,1.7443256184180755e+17,1.2152933116653565e+17,90609786171.156,belakang
syarif,5,305.924,306.92,33280577.361850586,2024367437.121821,4.09806352047917e+18,-0.4745254140665616,-0.7180210203928743,4.09806352047917e+18,0.27397854767539,1.447738339653752,2.1133328215369907e+17,2.002012681980372e+17,3.3184744643095334e+17,8.716294688507605e+16,66269785115.612175,-33280577.361850586,2024367437.121821,4.09806352047917e+18,0.4745254140665616,-0.7180210203928739,4.09806352047917e+18,0.27397854767539,1.447738339653752,2.1133328215369907e+17,2.0020126819803715e+17,3.3184744643095334e+17,8.716294688507605e+16,66269785115.62198,belakang
